country,year,iso_code,ghg_per_capita,methane,population,co2,split
Afghanistan,2000,AFG,0.795,9.724,20130334.0,1.047,validation
Afghanistan,2001,AFG,0.734,8.387,20284303.0,1.069,validation
Afghanistan,2002,AFG,0.937,10.375,21378123.0,1.341,validation
Afghanistan,2003,AFG,0.914,10.687,22733053.0,1.56,validation
Afghanistan,2004,AFG,0.804,10.651,23560656.0,1.237,validation
Afghanistan,2005,AFG,0.787,10.901,24404575.0,1.89,validation
Afghanistan,2006,AFG,0.764,11.122,25424100.0,2.159,validation
Afghanistan,2007,AFG,0.781,11.452,25909852.0,2.8,validation
Afghanistan,2008,AFG,0.871,12.664,26482631.0,4.254,validation
Afghanistan,2009,AFG,0.935,13.006,27466102.0,6.388,validation
Afghanistan,2010,AFG,1.045,14.88,28284088.0,8.365,validation
Afghanistan,2011,AFG,1.124,15.341,29347708.0,11.41,validation
Afghanistan,2012,AFG,1.013,15.133,30560036.0,9.731,validation
Afghanistan,2013,AFG,0.954,15.176,31622709.0,8.891,validation
Afghanistan,2014,AFG,0.936,15.547,32792528.0,8.698,validation
Afghanistan,2015,AFG,0.908,14.822,33831767.0,9.384,validation
Afghanistan,2016,AFG,0.863,14.808,34700613.0,8.606,validation
Afghanistan,2017,AFG,0.944,14.78,35688941.0,9.311,validation
Afghanistan,2018,AFG,0.914,15.192,36743040.0,10.192,validation
Afghanistan,2019,AFG,0.966,15.216,37856125.0,10.4,validation
Afghanistan,2020,AFG,0.915,15.25,39068977.0,11.119,validation
Afghanistan,2021,AFG,0.833,15.433,40000410.0,9.869,validation
Afghanistan,2022,AFG,0.903,16.076,40578847.0,10.17,validation
Afghanistan,2023,AFG,0.933,16.38,41454762.0,10.516,validation
Afghanistan,2024,AFG,0.935,16.618,42647502.0,10.826,validation
Albania,2000,ALB,2.25,3.531,3166147.0,3.025,train
Albania,2001,ALB,2.288,3.473,3147943.0,3.221,train
Albania,2002,ALB,2.458,3.432,3134095.0,3.748,train
Albania,2003,ALB,2.837,3.449,3118093.0,4.303,train
Albania,2004,ALB,2.49,3.378,3098662.0,4.177,train
Albania,2005,ALB,3.555,3.362,3076156.0,4.261,train
Albania,2006,ALB,2.755,3.329,3050805.0,3.911,train
Albania,2007,ALB,3.796,3.206,3022887.0,4.004,train
Albania,2008,ALB,3.517,3.031,2992933.0,4.448,train
Albania,2009,ALB,3.118,2.924,2961487.0,4.37,train
Albania,2010,ALB,3.196,2.956,2928731.0,4.817,train
Albania,2011,ALB,3.376,2.91,2911499.0,5.175,train
Albania,2012,ALB,3.3,2.975,2910003.0,4.93,train
Albania,2013,ALB,3.425,3.006,2907571.0,5.346,train
Albania,2014,ALB,3.734,3.064,2903748.0,6.072,train
Albania,2015,ALB,3.495,3.109,2898634.0,4.712,train
Albania,2016,ALB,3.232,3.065,2897868.0,4.555,train
Albania,2017,ALB,3.478,3.057,2898245.0,5.344,train
Albania,2018,ALB,3.324,3.077,2894229.0,5.195,train
Albania,2019,ALB,3.097,2.838,2885011.0,4.941,train
Albania,2020,ALB,2.891,2.631,2871950.0,4.865,train
Albania,2021,ALB,2.925,2.584,2849641.0,5.137,train
Albania,2022,ALB,2.623,2.431,2827614.0,4.498,train
Albania,2023,ALB,2.505,2.3,2811660.0,4.417,train
Albania,2024,ALB,2.403,2.174,2791756.0,4.444,train
Algeria,2000,DZA,5.079,65.86,30903894.0,84.552,train
Algeria,2001,DZA,4.804,57.163,31331226.0,86.019,train
Algeria,2002,DZA,4.73,52.896,31750832.0,89.658,train
Algeria,2003,DZA,5.04,59.672,32175813.0,94.078,train
Algeria,2004,DZA,4.777,57.54,32628286.0,90.853,train
Algeria,2005,DZA,5.243,57.848,33109258.0,109.564,train
Algeria,2006,DZA,5.109,62.265,33623505.0,103.798,train
Algeria,2007,DZA,5.026,57.808,34189420.0,107.549,train
Algeria,2008,DZA,5.059,61.145,34816963.0,108.596,train
Algeria,2009,DZA,5.012,54.668,35490442.0,116.328,train
Algeria,2010,DZA,5.099,59.699,36188237.0,117.847,train
Algeria,2011,DZA,5.193,59.952,36903374.0,124.715,train
Algeria,2012,DZA,5.404,60.493,37646165.0,135.593,train
Algeria,2013,DZA,5.449,59.81,38414176.0,141.534,train
Algeria,2014,DZA,5.69,62.756,39205035.0,152.435,train
Algeria,2015,DZA,5.774,62.783,40019528.0,160.322,train
Algeria,2016,DZA,5.654,64.474,40850719.0,158.308,train
Algeria,2017,DZA,5.699,64.002,41689302.0,165.252,train
Algeria,2018,DZA,5.842,64.052,42505033.0,174.461,train
Algeria,2019,DZA,5.881,63.557,43294551.0,182.425,train
Algeria,2020,DZA,5.434,60.409,44042094.0,171.139,train
Algeria,2021,DZA,5.723,65.382,44761099.0,182.036,train
Algeria,2022,DZA,5.92,67.576,45477391.0,192.779,train
Algeria,2023,DZA,6.043,67.265,46164222.0,202.847,train
Algeria,2024,DZA,5.898,69.212,46814302.0,198.203,train
Andorra,2000,AND,10.329,0.093,65703.0,0.524,test
Andorra,2001,AND,10.257,0.092,65874.0,0.524,test
Andorra,2002,AND,10.213,0.091,66528.0,0.531,test
Andorra,2003,AND,9.86,0.093,69507.0,0.535,test
Andorra,2004,AND,9.65,0.098,74342.0,0.564,test
Andorra,2005,AND,9.474,0.1,77436.0,0.579,test
Andorra,2006,AND,8.751,0.101,79609.0,0.546,test
Andorra,2007,AND,8.452,0.104,81901.0,0.539,test
Andorra,2008,AND,8.29,0.106,83513.0,0.539,test
Andorra,2009,AND,7.931,0.104,83907.0,0.517,test
Andorra,2010,AND,8.192,0.101,80727.0,0.517,test
Andorra,2011,AND,7.99,0.094,77801.0,0.491,test
Andorra,2012,AND,7.993,0.091,76858.0,0.487,test
Andorra,2013,AND,7.976,0.089,75220.0,0.476,test
Andorra,2014,AND,7.871,0.085,73755.0,0.462,test
Andorra,2015,AND,8.026,0.082,72195.0,0.465,test
Andorra,2016,AND,8.111,0.082,72197.0,0.473,test
Andorra,2017,AND,7.967,0.083,73780.0,0.473,test
Andorra,2018,AND,8.147,0.084,75181.0,0.498,test
Andorra,2019,AND,7.977,0.083,76492.0,0.491,test
Andorra,2020,AND,6.285,0.08,77397.0,0.377,test
Andorra,2021,AND,6.718,0.08,78379.0,0.414,test
Andorra,2022,AND,6.682,0.079,79722.0,0.423,test
Andorra,2023,AND,6.517,0.079,80869.0,0.418,test
Andorra,2024,AND,6.482,0.077,81955.0,0.425,test
Angola,2000,AGO,7.211,57.569,16194873.0,15.995,test
Angola,2001,AGO,7.56,56.044,16747204.0,15.908,test
Angola,2002,AGO,7.924,55.955,17327701.0,16.08,test
Angola,2003,AGO,7.876,56.964,17943718.0,17.484,test
Angola,2004,AGO,7.747,61.914,18600426.0,17.016,test
Angola,2005,AGO,7.474,61.376,19291160.0,15.387,test
Angola,2006,AGO,7.041,51.594,20015281.0,17.145,test
Angola,2007,AGO,7.772,50.227,20778570.0,17.588,test
Angola,2008,AGO,9.011,50.37,21578656.0,18.75,test
Angola,2009,AGO,9.352,49.446,22414775.0,20.668,test
Angola,2010,AGO,9.702,55.308,23294822.0,22.983,test
Angola,2011,AGO,8.549,53.697,24218358.0,23.397,test
Angola,2012,AGO,8.036,53.475,25177398.0,25.941,test
Angola,2013,AGO,7.843,54.453,26165616.0,25.71,test
Angola,2014,AGO,7.408,53.217,27160767.0,26.092,test
Angola,2015,AGO,7.512,55.851,28157802.0,27.505,test
Angola,2016,AGO,6.791,54.826,29183072.0,25.466,test
Angola,2017,AGO,6.399,52.943,30234836.0,23.601,test
Angola,2018,AGO,5.694,48.772,31297160.0,23.278,test
Angola,2019,AGO,5.319,49.451,32375633.0,22.21,test
Angola,2020,AGO,4.734,47.14,33451139.0,16.549,test
Angola,2021,AGO,4.559,45.251,34532427.0,19.219,test
Angola,2022,AGO,4.525,45.564,35635028.0,21.089,test
Angola,2023,AGO,4.376,45.255,36749909.0,21.675,test
Angola,2024,AGO,4.209,43.542,37885854.0,22.334,test
Antigua and Barbuda,2000,ATG,5.567,0.079,74929.0,0.355,validation
Antigua and Barbuda,2001,ATG,5.747,0.079,76082.0,0.374,validation
Antigua and Barbuda,2002,ATG,6.094,0.079,77049.0,0.403,validation
Antigua and Barbuda,2003,ATG,6.431,0.079,77896.0,0.432,validation
Antigua and Barbuda,2004,ATG,6.608,0.08,78734.0,0.451,validation
Antigua and Barbuda,2005,ATG,6.918,0.079,79628.0,0.48,validation
Antigua and Barbuda,2006,ATG,7.328,0.08,80619.0,0.517,validation
Antigua and Barbuda,2007,ATG,7.507,0.08,81716.0,0.535,validation
Antigua and Barbuda,2008,ATG,7.505,0.081,82926.0,0.539,validation
Antigua and Barbuda,2009,ATG,7.526,0.077,84193.0,0.557,validation
Antigua and Barbuda,2010,ATG,7.063,0.059,85337.0,0.55,validation
Antigua and Barbuda,2011,ATG,6.919,0.058,86350.0,0.546,validation
Antigua and Barbuda,2012,ATG,6.996,0.058,87275.0,0.557,validation
Antigua and Barbuda,2013,ATG,7.031,0.058,88074.0,0.557,validation
Antigua and Barbuda,2014,ATG,7.049,0.058,88784.0,0.568,validation
Antigua and Barbuda,2015,ATG,7.105,0.058,89421.0,0.579,validation
Antigua and Barbuda,2016,ATG,7.251,0.059,89980.0,0.594,validation
Antigua and Barbuda,2017,ATG,7.376,0.059,90483.0,0.601,validation
Antigua and Barbuda,2018,ATG,7.438,0.059,90942.0,0.616,validation
Antigua and Barbuda,2019,ATG,7.607,0.057,91377.0,0.638,validation
Antigua and Barbuda,2020,ATG,7.308,0.057,91864.0,0.616,validation
Antigua and Barbuda,2021,ATG,7.473,0.057,92358.0,0.634,validation
Antigua and Barbuda,2022,ATG,7.541,0.057,92850.0,0.642,validation
Antigua and Barbuda,2023,ATG,7.495,0.056,93331.0,0.641,validation
Antigua and Barbuda,2024,ATG,7.725,0.056,93782.0,0.665,validation
Argentina,2000,ARG,8.866,113.917,37213986.0,143.355,train
Argentina,2001,ARG,8.48,113.092,37624817.0,135.004,train
Argentina,2002,ARG,10.365,116.586,38029345.0,124.93,train
Argentina,2003,ARG,11.861,123.989,38424283.0,134.421,train
Argentina,2004,ARG,13.074,125.187,38815915.0,157.235,train
Argentina,2005,ARG,13.217,123.062,39216786.0,161.728,train
Argentina,2006,ARG,13.363,125.455,39622113.0,174.342,train
Argentina,2007,ARG,10.909,122.57,40016767.0,173.764,train
Argentina,2008,ARG,10.006,120.002,40424151.0,187.596,train
Argentina,2009,ARG,13.239,114.282,40854832.0,178.378,train
Argentina,2010,ARG,11.609,105.478,41288694.0,186.121,train
Argentina,2011,ARG,11.499,104.441,41730655.0,189.884,train
Argentina,2012,ARG,10.212,107.532,42161718.0,191.715,train
Argentina,2013,ARG,9.475,109.297,42582453.0,189.525,train
Argentina,2014,ARG,10.446,110.422,43024071.0,188.539,train
Argentina,2015,ARG,9.499,109.966,43477011.0,191.809,train
Argentina,2016,ARG,9.444,111.82,43900312.0,190.02,train
Argentina,2017,ARG,8.951,115.89,44288898.0,187.068,train
Argentina,2018,ARG,9.11,115.387,44654876.0,182.483,train
Argentina,2019,ARG,9.618,115.653,44973469.0,180.428,train
Argentina,2020,ARG,8.799,115.126,45191960.0,164.613,train
Argentina,2021,ARG,9.654,112.747,45312282.0,190.197,train
Argentina,2022,ARG,9.516,115.333,45407904.0,183.768,train
Argentina,2023,ARG,9.379,114.602,45538402.0,178.407,train
Argentina,2024,ARG,9.125,114.124,45696153.0,171.059,train
Armenia,2000,ARM,1.935,1.482,3125630.0,3.491,test
Armenia,2001,ARM,2.236,1.528,3084350.0,3.533,test
Armenia,2002,ARM,2.267,1.558,3055636.0,3.077,test
Armenia,2003,ARM,2.496,1.596,3038976.0,3.456,test
Armenia,2004,ARM,3.002,1.639,3022544.0,3.691,test
Armenia,2005,ARM,3.884,1.657,3006360.0,4.376,test
Armenia,2006,ARM,3.315,1.696,2990371.0,4.402,test
Armenia,2007,ARM,3.248,1.584,2974825.0,5.1,test
Armenia,2008,ARM,3.317,1.608,2959996.0,5.575,test
Armenia,2009,ARM,2.893,1.529,2945518.0,4.364,test
Armenia,2010,ARM,2.74,1.523,2931083.0,4.256,test
Armenia,2011,ARM,2.98,1.519,2923269.0,4.969,test
Armenia,2012,ARM,3.291,1.57,2922529.0,5.748,test
Armenia,2013,ARM,3.185,1.662,2922526.0,5.535,test
Armenia,2014,ARM,3.131,1.695,2922433.0,5.604,test
Armenia,2015,ARM,3.137,1.738,2921179.0,5.469,test
Armenia,2016,ARM,3.193,1.781,2918796.0,5.207,test
Armenia,2017,ARM,3.134,1.721,2914966.0,5.537,test
Armenia,2018,ARM,3.162,1.633,2909971.0,5.822,test
Armenia,2019,ARM,3.175,1.62,2903975.0,6.284,test
Armenia,2020,ARM,3.378,1.633,2890893.0,6.795,test
Armenia,2021,ARM,3.626,1.678,2870339.0,7.351,test
Armenia,2022,ARM,3.695,1.628,2880880.0,7.699,test
Armenia,2023,ARM,3.535,1.637,2943398.0,7.43,test
Armenia,2024,ARM,3.467,1.648,2973843.0,7.431,test
Aruba,2000,ABW,27.682,0.074,88772.0,2.378,train
Aruba,2001,ABW,27.533,0.074,90320.0,2.407,train
Aruba,2002,ABW,27.533,0.074,91393.0,2.437,train
Aruba,2003,ABW,28.658,0.079,92324.0,2.561,train
Aruba,2004,ABW,29.05,0.086,93223.0,2.616,train
Aruba,2005,ABW,29.799,0.087,94239.0,2.715,train
Aruba,2006,ABW,29.091,0.057,95403.0,2.711,train
Aruba,2007,ABW,29.88,0.058,96604.0,2.821,train
Aruba,2008,ABW,27.784,0.054,97815.0,2.656,train
Aruba,2009,ABW,27.108,0.05,99040.0,2.627,train
Aruba,2010,ABW,25.494,0.039,100127.0,2.506,train
Aruba,2011,ABW,25.208,0.045,100995.0,2.495,train
Aruba,2012,ABW,13.522,0.024,101774.0,1.345,train
Aruba,2013,ABW,8.691,0.024,102570.0,0.861,train
Aruba,2014,ABW,8.718,0.022,103381.0,0.872,train
Aruba,2015,ABW,8.897,0.022,104200.0,0.898,train
Aruba,2016,ABW,8.697,0.022,104989.0,0.883,train
Aruba,2017,ABW,8.704,0.022,105737.0,0.89,train
Aruba,2018,ABW,8.441,0.022,106447.0,0.868,train
Aruba,2019,ABW,8.062,0.023,107089.0,0.832,train
Aruba,2020,ABW,7.921,0.023,107411.0,0.821,train
Aruba,2021,ABW,8.294,0.023,107565.0,0.861,train
Aruba,2022,ABW,8.533,0.023,107792.0,0.888,train
Aruba,2023,ABW,8.51,0.023,107946.0,0.887,train
Aruba,2024,ABW,8.813,0.023,108076.0,0.921,train
Australia,2000,AUS,40.317,185.127,19132472.0,349.898,test
Australia,2001,AUS,38.01,197.299,19365438.0,357.668,test
Australia,2002,AUS,35.732,190.631,19595356.0,362.425,test
Australia,2003,AUS,37.062,147.337,19819449.0,370.784,test
Australia,2004,AUS,38.005,168.446,20046679.0,382.005,test
Australia,2005,AUS,31.413,148.877,20294490.0,385.082,test
Australia,2006,AUS,32.191,167.974,20590566.0,391.373,test
Australia,2007,AUS,33.284,165.577,20954545.0,398.896,test
Australia,2008,AUS,37.308,147.579,21370595.0,404.279,test
Australia,2009,AUS,32.563,151.71,21783014.0,406.977,test
Australia,2010,AUS,41.016,141.697,22141583.0,405.026,test
Australia,2011,AUS,38.642,193.829,22479779.0,403.874,test
Australia,2012,AUS,34.844,194.517,22852648.0,405.005,test
Australia,2013,AUS,29.86,153.629,23236271.0,397.85,test
Australia,2014,AUS,28.444,164.133,23595599.0,392.61,test
Australia,2015,AUS,26.64,161.088,23947997.0,400.589,test
Australia,2016,AUS,27.841,142.951,24329963.0,409.666,test
Australia,2017,AUS,28.963,166.517,24731044.0,413.408,test
Australia,2018,AUS,27.113,168.041,25119700.0,414.781,test
Australia,2019,AUS,25.339,154.257,25482714.0,414.925,test
Australia,2020,AUS,24.779,135.224,25743787.0,398.547,test
Australia,2021,AUS,24.117,140.75,25956417.0,388.472,test
Australia,2022,AUS,23.244,139.423,26200987.0,384.078,test
Australia,2023,AUS,23.117,141.254,26451126.0,384.316,test
Australia,2024,AUS,22.832,135.639,26713206.0,386.732,test
Austria,2000,AUT,9.933,11.488,8012929.0,66.204,train
Austria,2001,AUT,10.387,11.377,8042233.0,70.191,train
Austria,2002,AUT,10.55,11.331,8081640.0,71.988,train
Austria,2003,AUT,11.383,11.906,8122604.0,77.412,train
Austria,2004,AUT,11.138,10.705,8173496.0,77.716,train
Austria,2005,AUT,11.195,10.519,8229204.0,79.095,train
Austria,2006,AUT,10.905,10.357,8269901.0,76.796,train
Austria,2007,AUT,10.606,10.067,8296948.0,74.092,train
Austria,2008,AUT,10.584,9.921,8323250.0,73.466,train
Austria,2009,AUT,9.679,9.77,8345073.0,67.302,train
Austria,2010,AUT,10.234,9.876,8365087.0,72.0,train
Austria,2011,AUT,9.924,9.65,8393272.0,69.892,train
Austria,2012,AUT,9.525,9.423,8431599.0,67.26,train
Austria,2013,AUT,9.583,9.544,8481411.0,67.759,train
Austria,2014,AUT,9.008,9.368,8547812.0,64.159,train
Austria,2015,AUT,9.098,8.958,8644037.0,66.358,train
Austria,2016,AUT,9.074,9.004,8737920.0,67.219,train
Austria,2017,AUT,9.32,9.212,8798779.0,69.601,train
Austria,2018,AUT,8.939,9.209,8841653.0,66.567,train
Austria,2019,AUT,9.056,9.181,8880876.0,67.951,train
Austria,2020,AUT,8.341,9.103,8921402.0,62.18,train
Austria,2021,AUT,8.769,9.323,8967053.0,65.751,train
Austria,2022,AUT,8.164,9.215,9064678.0,61.454,train
Austria,2023,AUT,7.578,9.275,9130434.0,56.909,train
Austria,2024,AUT,7.483,9.31,9120815.0,56.368,train
Azerbaijan,2000,AZE,5.017,7.2,8174784.0,29.765,validation
Azerbaijan,2001,AZE,4.829,7.445,8251776.0,28.415,validation
Azerbaijan,2002,AZE,4.801,7.346,8326141.0,28.57,validation
Azerbaijan,2003,AZE,4.989,7.598,8400528.0,30.488,validation
Azerbaijan,2004,AZE,5.21,7.715,8489874.0,32.253,validation
Azerbaijan,2005,AZE,5.487,8.681,8597248.0,34.194,validation
Azerbaijan,2006,AZE,5.564,9.518,8711380.0,34.522,validation
Azerbaijan,2007,AZE,5.346,12.742,8828313.0,30.037,validation
Azerbaijan,2008,AZE,5.743,13.584,8942637.0,33.037,validation
Azerbaijan,2009,AZE,5.082,12.131,9046336.0,29.103,validation
Azerbaijan,2010,AZE,4.878,12.386,9146852.0,27.549,validation
Azerbaijan,2011,AZE,5.099,11.983,9256156.0,30.21,validation
Azerbaijan,2012,AZE,5.399,12.088,9376179.0,32.77,validation
Azerbaijan,2013,AZE,5.369,12.241,9504417.0,33.559,validation
Azerbaijan,2014,AZE,5.408,12.297,9631136.0,34.345,validation
Azerbaijan,2015,AZE,5.571,12.299,9752859.0,34.683,validation
Azerbaijan,2016,AZE,5.731,12.163,9868434.0,34.727,validation
Azerbaijan,2017,AZE,5.432,11.902,9968510.0,34.698,validation
Azerbaijan,2018,AZE,5.346,11.962,10039782.0,34.576,validation
Azerbaijan,2019,AZE,5.558,12.222,10110483.0,37.753,validation
Azerbaijan,2020,AZE,5.331,12.078,10181736.0,36.237,validation
Azerbaijan,2021,AZE,5.491,12.506,10234372.0,38.3,validation
Azerbaijan,2022,AZE,5.712,12.463,10295307.0,41.175,validation
Azerbaijan,2023,AZE,5.855,12.554,10318209.0,42.748,validation
Azerbaijan,2024,AZE,5.547,12.679,10336577.0,39.83,validation
Bahamas,2000,BHS,7.14,0.25,323846.0,2.026,train
Bahamas,2001,BHS,6.779,0.253,327847.0,1.946,train
Bahamas,2002,BHS,6.976,0.259,331625.0,2.034,train
Bahamas,2003,BHS,6.963,0.258,335625.0,2.07,train
Bahamas,2004,BHS,6.9,0.276,339794.0,2.048,train
Bahamas,2005,BHS,6.394,0.274,343905.0,1.905,train
Bahamas,2006,BHS,6.173,0.278,348386.0,1.854,train
Bahamas,2007,BHS,6.227,0.287,353343.0,1.872,train
Bahamas,2008,BHS,6.329,0.301,358133.0,1.92,train
Bahamas,2009,BHS,7.031,0.289,362806.0,2.154,train
Bahamas,2010,BHS,7.207,0.29,367482.0,2.231,train
Bahamas,2011,BHS,6.729,0.309,371738.0,2.11,train
Bahamas,2012,BHS,6.427,0.307,375474.0,2.048,train
Bahamas,2013,BHS,6.262,0.317,378957.0,1.993,train
Bahamas,2014,BHS,6.337,0.314,382312.0,2.063,train
Bahamas,2015,BHS,6.734,0.319,385355.0,2.231,train
Bahamas,2016,BHS,6.758,0.322,388060.0,2.246,train
Bahamas,2017,BHS,7.466,0.329,390496.0,2.521,train
Bahamas,2018,BHS,7.223,0.326,392718.0,2.455,train
Bahamas,2019,BHS,7.366,0.33,394684.0,2.521,train
Bahamas,2020,BHS,6.175,0.336,395874.0,2.052,train
Bahamas,2021,BHS,7.846,0.336,396381.0,2.726,train
Bahamas,2022,BHS,8.421,0.338,397542.0,2.962,train
Bahamas,2023,BHS,8.386,0.341,399452.0,2.956,train
Bahamas,2024,BHS,8.618,0.343,401282.0,3.07,train
Bahrain,2000,BHR,57.415,19.131,669589.0,19.199,train
Bahrain,2001,BHR,56.134,19.495,699964.0,19.679,train
Bahrain,2002,BHR,50.99,18.107,752205.0,20.112,train
Bahrain,2003,BHR,46.989,17.006,811276.0,20.976,train
Bahrain,2004,BHR,43.811,16.835,871446.0,21.204,train
Bahrain,2005,BHR,44.358,16.731,932618.0,24.487,train
Bahrain,2006,BHR,40.58,16.164,994626.0,24.036,train
Bahrain,2007,BHR,41.136,16.71,1057419.0,26.626,train
Bahrain,2008,BHR,43.045,18.545,1120718.0,29.525,train
Bahrain,2009,BHR,40.118,19.179,1183616.0,28.138,train
Bahrain,2010,BHR,39.291,18.343,1213248.0,29.143,train
Bahrain,2011,BHR,39.155,18.528,1206733.0,28.544,train
Bahrain,2012,BHR,39.846,21.082,1216307.0,27.202,train
Bahrain,2013,BHR,43.847,23.707,1257206.0,31.228,train
Bahrain,2014,BHR,42.258,24.315,1312857.0,30.971,train
Bahrain,2015,BHR,41.556,24.203,1369656.0,32.521,train
Bahrain,2016,BHR,39.299,24.357,1429609.0,31.635,train
Bahrain,2017,BHR,38.386,23.776,1482003.0,32.917,train
Bahrain,2018,BHR,37.728,23.604,1497634.0,32.698,train
Bahrain,2019,BHR,41.834,24.328,1485675.0,37.616,train
Bahrain,2020,BHR,41.804,24.364,1483081.0,37.429,train
Bahrain,2021,BHR,40.268,23.999,1501762.0,36.265,train
Bahrain,2022,BHR,40.436,23.97,1533460.0,37.827,train
Bahrain,2023,BHR,40.088,23.925,1569674.0,38.787,train
Bahrain,2024,BHR,39.186,23.757,1607059.0,39.003,train
Bangladesh,2000,BGD,0.926,73.923,134544303.0,26.539,test
Bangladesh,2001,BGD,0.941,74.105,136805810.0,31.064,test
Bangladesh,2002,BGD,0.941,75.264,138933659.0,32.007,test
Bangladesh,2003,BGD,0.94,76.025,140970355.0,33.496,test
Bangladesh,2004,BGD,0.942,75.405,142902857.0,35.978,test
Bangladesh,2005,BGD,0.948,76.956,144715789.0,37.717,test
Bangladesh,2006,BGD,0.978,78.065,146405983.0,41.726,test
Bangladesh,2007,BGD,0.995,78.855,147989282.0,42.675,test
Bangladesh,2008,BGD,1.039,81.754,149474264.0,45.341,test
Bangladesh,2009,BGD,1.047,82.806,150873716.0,49.188,test
Bangladesh,2010,BGD,1.081,84.043,152201978.0,54.036,test
Bangladesh,2011,BGD,1.093,84.741,153591074.0,55.593,test
Bangladesh,2012,BGD,1.112,85.275,155070110.0,59.704,test
Bangladesh,2013,BGD,1.13,85.88,156532134.0,64.763,test
Bangladesh,2014,BGD,1.142,86.573,157964931.0,67.552,test
Bangladesh,2015,BGD,1.215,87.026,159383179.0,76.946,test
Bangladesh,2016,BGD,1.214,86.753,160811934.0,81.761,test
Bangladesh,2017,BGD,1.263,89.0,162186146.0,86.531,test
Bangladesh,2018,BGD,1.275,89.101,163523109.0,86.608,test
Bangladesh,2019,BGD,1.322,89.562,164913060.0,94.808,test
Bangladesh,2020,BGD,1.322,90.907,166298024.0,95.729,test
Bangladesh,2021,BGD,1.336,92.285,167658855.0,98.53,test
Bangladesh,2022,BGD,1.352,93.141,169384891.0,102.147,test
Bangladesh,2023,BGD,1.369,94.319,171466986.0,104.527,test
Bangladesh,2024,BGD,1.389,95.567,173562366.0,108.318,test
Barbados,2000,BRB,6.059,0.219,262071.0,1.309,train
Barbados,2001,BRB,5.933,0.208,262429.0,1.307,train
Barbados,2002,BRB,5.878,0.196,264155.0,1.317,train
Barbados,2003,BRB,5.952,0.195,265789.0,1.358,train
Barbados,2004,BRB,6.12,0.195,267297.0,1.387,train
Barbados,2005,BRB,6.196,0.193,268717.0,1.429,train
Barbados,2006,BRB,6.25,0.179,270011.0,1.471,train
Barbados,2007,BRB,6.165,0.174,271298.0,1.469,train
Barbados,2008,BRB,7.36,0.19,272719.0,1.733,train
Barbados,2009,BRB,7.0,0.174,274137.0,1.7,train
Barbados,2010,BRB,6.436,0.171,275251.0,1.567,train
Barbados,2011,BRB,6.602,0.174,276150.0,1.626,train
Barbados,2012,BRB,6.277,0.169,276949.0,1.554,train
Barbados,2013,BRB,6.173,0.165,277669.0,1.54,train
Barbados,2014,BRB,5.498,0.167,278355.0,1.368,train
Barbados,2015,BRB,5.3,0.165,278999.0,1.335,train
Barbados,2016,BRB,5.493,0.165,279604.0,1.371,train
Barbados,2017,BRB,5.614,0.167,280177.0,1.399,train
Barbados,2018,BRB,5.767,0.167,280719.0,1.447,train
Barbados,2019,BRB,5.514,0.168,281216.0,1.392,train
Barbados,2020,BRB,5.057,0.165,281706.0,1.256,train
Barbados,2021,BRB,4.818,0.163,282157.0,1.19,train
Barbados,2022,BRB,5.275,0.162,282324.0,1.315,train
Barbados,2023,BRB,5.293,0.163,282347.0,1.317,train
Barbados,2024,BRB,5.461,0.16,282476.0,1.365,train
Belarus,2000,BLR,8.843,16.446,9991310.0,55.014,train
Belarus,2001,BLR,8.792,16.249,9938068.0,54.105,train
Belarus,2002,BLR,8.807,16.029,9873451.0,53.944,train
Belarus,2003,BLR,9.076,16.022,9803175.0,55.236,train
Belarus,2004,BLR,9.674,16.42,9735089.0,58.373,train
Belarus,2005,BLR,9.872,15.738,9667833.0,59.396,train
Belarus,2006,BLR,10.195,15.995,9608041.0,61.809,train
Belarus,2007,BLR,10.192,15.837,9563135.0,60.276,train
Belarus,2008,BLR,10.72,16.773,9529357.0,62.931,train
Belarus,2009,BLR,10.547,17.212,9507334.0,60.628,train
Belarus,2010,BLR,10.804,17.564,9490752.0,62.515,train
Belarus,2011,BLR,10.667,17.467,9472738.0,61.353,train
Belarus,2012,BLR,10.928,17.746,9463075.0,62.592,train
Belarus,2013,BLR,11.306,18.061,9464454.0,64.152,train
Belarus,2014,BLR,11.093,18.197,9472704.0,63.699,train
Belarus,2015,BLR,10.634,18.431,9487289.0,58.828,train
Belarus,2016,BLR,10.595,18.326,9499066.0,58.188,train
Belarus,2017,BLR,10.726,18.445,9495793.0,59.444,train
Belarus,2018,BLR,10.955,18.489,9480031.0,62.171,train
Belarus,2019,BLR,10.886,18.569,9435415.0,62.171,train
Belarus,2020,BLR,10.635,18.704,9350943.0,59.123,train
Belarus,2021,BLR,10.889,18.611,9251368.0,60.861,train
Belarus,2022,BLR,10.466,18.519,9173240.0,57.121,train
Belarus,2023,BLR,10.415,18.617,9115679.0,55.736,train
Belarus,2024,BLR,10.443,18.577,9056696.0,55.818,train
Belgium,2000,BEL,14.872,14.84,10251719.0,126.776,train
Belgium,2001,BEL,14.622,14.311,10287005.0,126.085,train
Belgium,2002,BEL,14.615,13.905,10332975.0,126.883,train
Belgium,2003,BEL,14.616,13.253,10376262.0,128.292,train
Belgium,2004,BEL,14.735,13.351,10421298.0,128.812,train
Belgium,2005,BEL,14.2,13.091,10478883.0,125.658,train
Belgium,2006,BEL,13.885,12.895,10548445.0,123.9,train
Belgium,2007,BEL,13.477,12.865,10625488.0,120.493,train
Belgium,2008,BEL,13.311,12.88,10709711.0,120.204,train
Belgium,2009,BEL,12.02,12.889,10812936.0,107.807,train
Belgium,2010,BEL,12.567,12.768,10936619.0,114.563,train
Belgium,2011,BEL,11.575,12.695,11038624.0,105.159,train
Belgium,2012,BEL,11.282,12.361,11107522.0,102.486,train
Belgium,2013,BEL,11.27,12.446,11160277.0,102.816,train
Belgium,2014,BEL,10.724,12.402,11210113.0,97.081,train
Belgium,2015,BEL,11.092,12.462,11275332.0,101.327,train
Belgium,2016,BEL,10.846,12.614,11332707.0,99.816,train
Belgium,2017,BEL,10.765,12.313,11376583.0,99.282,train
Belgium,2018,BEL,10.799,12.441,11428608.0,100.256,train
Belgium,2019,BEL,10.705,12.316,11490623.0,99.799,train
Belgium,2020,BEL,9.896,12.25,11540102.0,91.255,train
Belgium,2021,BEL,10.21,12.3,11570843.0,94.928,train
Belgium,2022,BEL,9.571,12.029,11641814.0,88.915,train
Belgium,2023,BEL,9.139,11.996,11712891.0,84.703,train
Belgium,2024,BEL,9.196,11.92,11738761.0,85.456,train
Belize,2000,BLZ,25.88,0.282,240809.0,0.396,train
Belize,2001,BLZ,28.622,0.297,248393.0,0.447,train
Belize,2002,BLZ,28.447,0.305,256019.0,0.432,train
Belize,2003,BLZ,23.015,0.321,263794.0,0.432,train
Belize,2004,BLZ,18.515,0.314,271695.0,0.392,train
Belize,2005,BLZ,16.812,0.324,279747.0,0.418,train
Belize,2006,BLZ,18.745,0.385,287889.0,0.443,train
Belize,2007,BLZ,18.259,0.418,296117.0,0.473,train
Belize,2008,BLZ,17.993,0.435,304373.0,0.432,train
Belize,2009,BLZ,21.846,0.449,312619.0,0.513,train
Belize,2010,BLZ,21.556,0.45,320256.0,0.539,train
Belize,2011,BLZ,21.019,0.487,327306.0,0.572,train
Belize,2012,BLZ,18.515,0.455,334421.0,0.473,train
Belize,2013,BLZ,18.446,0.479,341635.0,0.473,train
Belize,2014,BLZ,24.644,0.441,348934.0,0.502,train
Belize,2015,BLZ,29.397,0.453,356341.0,0.685,train
Belize,2016,BLZ,22.74,0.459,364717.0,0.674,train
Belize,2017,BLZ,21.193,0.466,373215.0,0.667,train
Belize,2018,BLZ,18.88,0.471,380232.0,0.66,train
Belize,2019,BLZ,23.66,0.485,385833.0,0.769,train
Belize,2020,BLZ,21.171,0.481,390819.0,0.654,train
Belize,2021,BLZ,19.089,0.489,395355.0,0.694,train
Belize,2022,BLZ,16.834,0.493,402741.0,0.724,train
Belize,2023,BLZ,20.604,0.498,411112.0,0.766,train
Belize,2024,BLZ,19.056,0.501,417077.0,0.796,train
Benin,2000,BEN,3.956,4.477,7221618.0,1.473,test
Benin,2001,BEN,3.929,4.009,7445599.0,1.689,test
Benin,2002,BEN,3.977,4.321,7675430.0,2.11,test
Benin,2003,BEN,3.112,4.282,7913074.0,2.394,test
Benin,2004,BEN,2.983,4.306,8159098.0,2.594,test
Benin,2005,BEN,2.282,4.757,8426145.0,2.49,test
Benin,2006,BEN,2.383,4.686,8693243.0,3.351,test
Benin,2007,BEN,3.658,4.828,8953973.0,3.931,test
Benin,2008,BEN,3.757,4.759,9228468.0,3.919,test
Benin,2009,BEN,2.381,4.904,9509431.0,4.225,test
Benin,2010,BEN,2.776,5.296,9797488.0,4.679,test
Benin,2011,BEN,3.039,5.503,10093626.0,4.48,test
Benin,2012,BEN,3.581,5.628,10397659.0,4.403,test
Benin,2013,BEN,2.747,6.057,10708831.0,4.566,test
Benin,2014,BEN,2.62,6.077,11030008.0,4.774,test
Benin,2015,BEN,1.853,6.213,11360681.0,5.318,test
Benin,2016,BEN,2.714,6.438,11697845.0,5.311,test
Benin,2017,BEN,3.776,6.547,12039777.0,5.555,test
Benin,2018,BEN,3.541,6.728,12383349.0,5.668,test
Benin,2019,BEN,2.352,7.041,12726760.0,5.273,test
Benin,2020,BEN,2.648,6.886,13070169.0,5.541,test
Benin,2021,BEN,3.041,7.137,13413423.0,5.806,test
Benin,2022,BEN,2.93,7.336,13759507.0,6.092,test
Benin,2023,BEN,2.856,7.475,14111035.0,5.928,test
Benin,2024,BEN,2.83,7.57,14462721.0,6.066,test
Bhutan,2000,BTN,18.718,0.853,596871.0,0.397,train
Bhutan,2001,BTN,14.441,0.832,610801.0,0.464,train
Bhutan,2002,BTN,18.354,0.833,624417.0,0.494,train
Bhutan,2003,BTN,17.836,0.842,637667.0,0.494,train
Bhutan,2004,BTN,18.561,0.841,650559.0,0.436,train
Bhutan,2005,BTN,15.105,0.925,661875.0,0.546,train
Bhutan,2006,BTN,15.898,0.99,670803.0,0.411,train
Bhutan,2007,BTN,18.453,1.001,678643.0,0.397,train
Bhutan,2008,BTN,20.301,1.029,686359.0,0.646,train
Bhutan,2009,BTN,18.874,0.985,693994.0,0.683,train
Bhutan,2010,BTN,22.22,1.0,701638.0,0.905,train
Bhutan,2011,BTN,18.828,1.02,709387.0,1.007,train
Bhutan,2012,BTN,19.999,1.013,717288.0,1.15,train
Bhutan,2013,BTN,14.431,1.075,725282.0,1.269,train
Bhutan,2014,BTN,10.044,1.097,733151.0,1.332,train
Bhutan,2015,BTN,9.288,1.107,740623.0,1.434,train
Bhutan,2016,BTN,8.071,1.147,747878.0,1.56,train
Bhutan,2017,BTN,7.611,1.179,754343.0,1.649,train
Bhutan,2018,BTN,8.696,1.208,759766.0,1.682,train
Bhutan,2019,BTN,7.731,1.213,764830.0,1.565,train
Bhutan,2020,BTN,6.793,1.172,770013.0,1.214,train
Bhutan,2021,BTN,13.858,1.167,775450.0,1.455,train
Bhutan,2022,BTN,12.094,1.142,780921.0,1.55,train
Bhutan,2023,BTN,10.124,1.126,786386.0,1.63,train
Bhutan,2024,BTN,9.333,1.103,791530.0,1.657,train
Bolivia,2000,BOL,13.492,19.47,8606330.0,8.442,train
Bolivia,2001,BOL,13.095,18.241,8752740.0,8.752,train
Bolivia,2002,BOL,14.255,19.599,8900358.0,10.415,train
Bolivia,2003,BOL,26.471,19.742,9050703.0,10.983,train
Bolivia,2004,BOL,18.539,20.53,9204297.0,11.051,train
Bolivia,2005,BOL,15.269,21.164,9360758.0,12.337,train
Bolivia,2006,BOL,13.411,20.578,9521685.0,12.369,train
Bolivia,2007,BOL,12.672,20.615,9685960.0,12.74,train
Bolivia,2008,BOL,13.26,20.893,9850859.0,13.028,train
Bolivia,2009,BOL,12.871,21.258,10016279.0,13.633,train
Bolivia,2010,BOL,12.956,23.1,10182345.0,14.809,train
Bolivia,2011,BOL,12.327,22.753,10348931.0,16.051,train
Bolivia,2012,BOL,12.149,23.42,10515814.0,17.575,train
Bolivia,2013,BOL,12.161,23.963,10682612.0,17.778,train
Bolivia,2014,BOL,10.686,23.606,10848889.0,19.9,train
Bolivia,2015,BOL,9.792,24.093,11014707.0,19.9,train
Bolivia,2016,BOL,9.046,24.637,11180020.0,21.25,train
Bolivia,2017,BOL,11.593,24.541,11344591.0,22.182,train
Bolivia,2018,BOL,12.606,24.486,11508370.0,22.509,train
Bolivia,2019,BOL,10.901,25.281,11671386.0,22.609,train
Bolivia,2020,BOL,10.556,25.647,11816301.0,18.32,train
Bolivia,2021,BOL,11.435,26.124,11937369.0,21.767,train
Bolivia,2022,BOL,11.955,26.717,12077156.0,23.488,train
Bolivia,2023,BOL,12.44,27.112,12244161.0,24.621,train
Bolivia,2024,BOL,12.891,27.595,12413318.0,28.709,train
Bosnia and Herzegovina,2000,BIH,3.598,3.82,4159785.0,13.702,train
Bosnia and Herzegovina,2001,BIH,3.346,3.81,4179446.0,13.263,train
Bosnia and Herzegovina,2002,BIH,4.056,3.766,4188006.0,14.173,train
Bosnia and Herzegovina,2003,BIH,4.102,4.167,4178523.0,14.358,train
Bosnia and Herzegovina,2004,BIH,4.302,4.248,4140990.0,15.462,train
Bosnia and Herzegovina,2005,BIH,4.534,4.371,4096493.0,16.046,train
Bosnia and Herzegovina,2006,BIH,4.916,4.679,4063269.0,17.387,train
Bosnia and Herzegovina,2007,BIH,5.253,4.543,4013420.0,17.474,train
Bosnia and Herzegovina,2008,BIH,5.931,4.767,3947545.0,19.955,train
Bosnia and Herzegovina,2009,BIH,6.374,4.743,3879798.0,20.537,train
Bosnia and Herzegovina,2010,BIH,6.542,4.716,3811480.0,21.146,train
Bosnia and Herzegovina,2011,BIH,7.48,4.954,3741799.0,23.765,train
Bosnia and Herzegovina,2012,BIH,7.359,4.808,3670109.0,22.138,train
Bosnia and Herzegovina,2013,BIH,7.264,4.74,3610857.0,21.801,train
Bosnia and Herzegovina,2014,BIH,7.173,5.687,3564831.0,19.312,train
Bosnia and Herzegovina,2015,BIH,7.333,5.817,3518541.0,18.46,train
Bosnia and Herzegovina,2016,BIH,8.656,6.098,3472997.0,21.734,train
Bosnia and Herzegovina,2017,BIH,8.489,6.144,3428684.0,22.153,train
Bosnia and Herzegovina,2018,BIH,8.799,6.412,3386999.0,22.079,train
Bosnia and Herzegovina,2019,BIH,8.662,6.152,3345532.0,20.81,train
Bosnia and Herzegovina,2020,BIH,8.755,6.115,3299352.0,20.832,train
Bosnia and Herzegovina,2021,BIH,8.658,5.662,3244912.0,21.268,train
Bosnia and Herzegovina,2022,BIH,8.741,5.878,3204802.0,20.743,train
Bosnia and Herzegovina,2023,BIH,8.505,5.757,3185072.0,19.881,train
Bosnia and Herzegovina,2024,BIH,8.366,5.605,3164256.0,19.426,train
Botswana,2000,BWA,9.251,6.398,1677384.0,3.778,validation
Botswana,2001,BWA,11.056,7.95,1712264.0,3.847,validation
Botswana,2002,BWA,10.089,7.968,1744765.0,3.975,validation
Botswana,2003,BWA,5.816,3.757,1775744.0,3.825,validation
Botswana,2004,BWA,5.497,4.01,1807153.0,3.895,validation
Botswana,2005,BWA,6.108,4.724,1839881.0,4.096,validation
Botswana,2006,BWA,7.441,5.867,1874526.0,4.133,validation
Botswana,2007,BWA,8.274,4.866,1911200.0,4.228,validation
Botswana,2008,BWA,13.001,9.762,1949973.0,4.503,validation
Botswana,2009,BWA,6.678,4.634,1990671.0,3.855,validation
Botswana,2010,BWA,13.802,11.395,2033110.0,4.537,validation
Botswana,2011,BWA,14.834,14.122,2073538.0,4.029,validation
Botswana,2012,BWA,8.717,6.837,2108617.0,5.077,validation
Botswana,2013,BWA,9.833,6.005,2140687.0,5.663,validation
Botswana,2014,BWA,7.203,4.469,2172053.0,6.85,validation
Botswana,2015,BWA,5.912,4.425,2203276.0,5.418,validation
Botswana,2016,BWA,5.611,3.824,2234784.0,6.341,validation
Botswana,2017,BWA,7.479,5.568,2266749.0,7.066,validation
Botswana,2018,BWA,6.622,4.49,2299149.0,7.643,validation
Botswana,2019,BWA,5.57,3.287,2332082.0,7.486,validation
Botswana,2020,BWA,6.125,4.853,2365895.0,6.192,validation
Botswana,2021,BWA,9.915,9.315,2401448.0,6.683,validation
Botswana,2022,BWA,8.764,7.692,2439895.0,7.396,validation
Botswana,2023,BWA,8.668,7.893,2480242.0,7.249,validation
Botswana,2024,BWA,10.392,10.223,2521145.0,7.462,validation
Brazil,2000,BRA,16.227,417.31,174018278.0,340.183,train
Brazil,2001,BRA,15.788,429.615,176301201.0,346.166,train
Brazil,2002,BRA,16.701,450.588,178503485.0,347.765,train
Brazil,2003,BRA,21.297,471.538,180622688.0,344.645,train
Brazil,2004,BRA,18.14,494.991,182675144.0,361.434,train
Brazil,2005,BRA,16.552,497.686,184688101.0,364.371,train
Brazil,2006,BRA,15.104,493.284,186653099.0,368.871,train
Brazil,2007,BRA,14.563,491.52,188552311.0,390.573,train
Brazil,2008,BRA,13.744,488.155,190367297.0,412.638,train
Brazil,2009,BRA,12.664,486.858,192079958.0,389.775,train
Brazil,2010,BRA,12.505,507.871,193701931.0,440.269,train
Brazil,2011,BRA,12.183,505.267,195284736.0,461.911,train
Brazil,2012,BRA,12.715,506.852,196876113.0,497.468,train
Brazil,2013,BRA,12.942,506.459,198478290.0,531.569,train
Brazil,2014,BRA,13.135,512.64,200085126.0,556.526,train
Brazil,2015,BRA,12.981,521.174,201675534.0,528.174,train
Brazil,2016,BRA,12.362,524.133,203218108.0,491.745,train
Brazil,2017,BRA,11.877,522.645,204703440.0,497.255,train
Brazil,2018,BRA,11.757,522.116,206107265.0,476.601,train
Brazil,2019,BRA,11.9,528.946,207455459.0,476.724,train
Brazil,2020,BRA,12.322,535.772,208660845.0,447.999,train
Brazil,2021,BRA,13.24,545.361,209550291.0,496.562,train
Brazil,2022,BRA,13.671,566.221,210306411.0,480.058,train
Brazil,2023,BRA,13.346,566.203,211140731.0,483.992,train
Brazil,2024,BRA,13.229,579.99,211998565.0,483.012,train
British Virgin Islands,2000,VGB,6.427,0.009,20266.0,0.117,train
British Virgin Islands,2001,VGB,6.788,0.01,20825.0,0.128,train
British Virgin Islands,2002,VGB,7.109,0.01,21454.0,0.139,train
British Virgin Islands,2003,VGB,7.22,0.01,22155.0,0.147,train
British Virgin Islands,2004,VGB,7.305,0.01,22905.0,0.154,train
British Virgin Islands,2005,VGB,7.535,0.01,23693.0,0.165,train
British Virgin Islands,2006,VGB,7.892,0.01,24519.0,0.18,train
British Virgin Islands,2007,VGB,7.773,0.01,25391.0,0.183,train
British Virgin Islands,2008,VGB,7.789,0.01,26308.0,0.191,train
British Virgin Islands,2009,VGB,7.668,0.01,27240.0,0.194,train
British Virgin Islands,2010,VGB,8.21,0.01,27698.0,0.213,train
British Virgin Islands,2011,VGB,7.796,0.011,28733.0,0.209,train
British Virgin Islands,2012,VGB,7.376,0.011,30369.0,0.209,train
British Virgin Islands,2013,VGB,7.185,0.011,31727.0,0.213,train
British Virgin Islands,2014,VGB,7.03,0.011,32988.0,0.216,train
British Virgin Islands,2015,VGB,6.93,0.011,34523.0,0.224,train
British Virgin Islands,2016,VGB,7.17,0.011,33904.0,0.227,train
British Virgin Islands,2017,VGB,5.97,0.011,32724.0,0.18,train
British Virgin Islands,2018,VGB,5.01,0.011,34682.0,0.158,train
British Virgin Islands,2019,VGB,5.472,0.011,36423.0,0.183,train
British Virgin Islands,2020,VGB,5.257,0.011,37161.0,0.18,train
British Virgin Islands,2021,VGB,5.265,0.012,37833.0,0.183,train
British Virgin Islands,2022,VGB,5.263,0.012,38346.0,0.186,train
British Virgin Islands,2023,VGB,5.169,0.012,39009.0,0.185,train
British Virgin Islands,2024,VGB,5.284,0.012,39498.0,0.193,train
Brunei,2000,BRN,28.24,2.223,326429.0,5.886,train
Brunei,2001,BRN,28.66,2.657,333353.0,5.758,train
Brunei,2002,BRN,25.042,2.125,340108.0,5.285,train
Brunei,2003,BRN,27.695,2.228,346650.0,6.14,train
Brunei,2004,BRN,25.008,1.896,352921.0,5.967,train
Brunei,2005,BRN,22.9,1.826,358930.0,5.429,train
Brunei,2006,BRN,29.095,2.47,364670.0,7.144,train
Brunei,2007,BRN,31.686,2.418,370883.0,8.077,train
Brunei,2008,BRN,37.697,3.787,377800.0,9.166,train
Brunei,2009,BRN,32.198,2.799,384965.0,7.745,train
Brunei,2010,BRN,32.836,3.275,392340.0,8.017,train
Brunei,2011,BRN,37.947,3.823,399395.0,9.555,train
Brunei,2012,BRN,37.245,3.975,405564.0,9.5,train
Brunei,2013,BRN,28.885,2.654,411205.0,7.626,train
Brunei,2014,BRN,33.342,3.356,416757.0,8.831,train
Brunei,2015,BRN,27.345,3.133,422223.0,6.933,train
Brunei,2016,BRN,28.722,3.292,427571.0,7.633,train
Brunei,2017,BRN,31.361,3.045,432787.0,9.309,train
Brunei,2018,BRN,31.287,3.429,437811.0,9.341,train
Brunei,2019,BRN,31.503,3.327,442690.0,9.564,train
Brunei,2020,BRN,35.119,3.38,447411.0,11.157,train
Brunei,2021,BRN,35.038,3.018,451722.0,11.709,train
Brunei,2022,BRN,33.213,1.741,455374.0,12.237,train
Brunei,2023,BRN,33.955,1.873,458959.0,12.503,train
Brunei,2024,BRN,32.334,1.578,462734.0,12.052,train
Bulgaria,2000,BGR,6.849,11.45,8000519.0,45.499,train
Bulgaria,2001,BGR,7.147,11.138,7928455.0,49.02,train
Bulgaria,2002,BGR,6.914,10.761,7861949.0,46.141,train
Bulgaria,2003,BGR,7.648,10.889,7804405.0,50.491,train
Bulgaria,2004,BGR,7.123,10.865,7749430.0,49.537,train
Bulgaria,2005,BGR,7.39,10.653,7695047.0,50.6,train
Bulgaria,2006,BGR,7.48,10.639,7640292.0,51.837,train
Bulgaria,2007,BGR,8.155,10.644,7586896.0,55.669,train
Bulgaria,2008,BGR,8.148,10.426,7535589.0,54.026,train
Bulgaria,2009,BGR,7.285,10.182,7488016.0,45.75,train
Bulgaria,2010,BGR,7.795,10.004,7437594.0,47.816,train
Bulgaria,2011,BGR,9.029,10.223,7380023.0,53.12,train
Bulgaria,2012,BGR,8.443,9.58,7317020.0,48.277,train
Bulgaria,2013,BGR,7.268,9.284,7264605.0,42.583,train
Bulgaria,2014,BGR,7.675,8.33,7223450.0,45.169,train
Bulgaria,2015,BGR,8.282,10.237,7177515.0,48.127,train
Bulgaria,2016,BGR,7.949,10.018,7127436.0,45.344,train
Bulgaria,2017,BGR,8.353,10.245,7075642.0,47.446,train
Bulgaria,2018,BGR,7.765,9.605,7024745.0,43.503,train
Bulgaria,2019,BGR,7.614,9.321,6975466.0,42.195,train
Bulgaria,2020,BGR,6.836,9.493,6933656.0,36.571,train
Bulgaria,2021,BGR,7.611,9.499,6877222.0,42.365,train
Bulgaria,2022,BGR,8.298,9.388,6825862.0,46.932,train
Bulgaria,2023,BGR,6.376,8.807,6795805.0,34.501,train
Bulgaria,2024,BGR,5.96,8.962,6757686.0,31.622,train
Burkina Faso,2000,BFA,2.987,11.561,11925548.0,0.931,train
Burkina Faso,2001,BFA,2.927,12.138,12294996.0,1.064,train
Burkina Faso,2002,BFA,2.883,12.522,12680904.0,1.067,train
Burkina Faso,2003,BFA,3.112,14.741,13082530.0,1.184,train
Burkina Faso,2004,BFA,3.044,15.179,13500536.0,1.107,train
Burkina Faso,2005,BFA,3.103,15.586,13932127.0,1.104,train
Burkina Faso,2006,BFA,3.594,15.605,14373713.0,1.217,train
Burkina Faso,2007,BFA,3.217,15.973,14816313.0,1.616,train
Burkina Faso,2008,BFA,3.147,16.531,15258103.0,1.818,train
Burkina Faso,2009,BFA,3.032,17.087,15710067.0,1.836,train
Burkina Faso,2010,BFA,3.171,17.744,16176503.0,1.985,train
Burkina Faso,2011,BFA,3.026,18.05,16661907.0,2.149,train
Burkina Faso,2012,BFA,3.046,18.155,17172284.0,2.612,train
Burkina Faso,2013,BFA,2.931,18.609,17695411.0,2.809,train
Burkina Faso,2014,BFA,2.893,18.975,18229466.0,2.868,train
Burkina Faso,2015,BFA,2.78,19.155,18777488.0,3.744,train
Burkina Faso,2016,BFA,2.762,19.939,19334854.0,3.988,train
Burkina Faso,2017,BFA,2.864,20.189,19894413.0,4.622,train
Burkina Faso,2018,BFA,2.754,20.401,20438289.0,5.226,train
Burkina Faso,2019,BFA,2.681,21.047,20961956.0,5.618,train
Burkina Faso,2020,BFA,2.423,18.545,21478691.0,5.618,train
Burkina Faso,2021,BFA,2.621,21.816,21995249.0,6.329,train
Burkina Faso,2022,BFA,2.574,21.694,22509038.0,6.542,train
Burkina Faso,2023,BFA,2.536,22.259,23025777.0,6.308,train
Burkina Faso,2024,BFA,2.525,22.744,23548782.0,6.508,train
Burundi,2000,BDI,0.957,2.163,6470196.0,0.271,train
Burundi,2001,BDI,0.958,2.191,6634368.0,0.205,train
Burundi,2002,BDI,0.834,2.206,6824139.0,0.213,train
Burundi,2003,BDI,0.82,2.261,7043158.0,0.169,train
Burundi,2004,BDI,0.65,2.336,7310656.0,0.198,train
Burundi,2005,BDI,0.666,2.434,7587303.0,0.158,train
Burundi,2006,BDI,0.712,2.525,7865545.0,0.187,train
Burundi,2007,BDI,0.706,2.605,8161879.0,0.187,train
Burundi,2008,BDI,0.694,2.732,8505643.0,0.202,train
Burundi,2009,BDI,0.682,2.825,8947653.0,0.216,train
Burundi,2010,BDI,0.715,2.931,9376448.0,0.333,train
Burundi,2011,BDI,0.776,3.016,9717980.0,0.414,train
Burundi,2012,BDI,0.693,3.006,10071033.0,0.392,train
Burundi,2013,BDI,0.762,3.787,10439346.0,0.436,train
Burundi,2014,BDI,0.743,3.722,10799789.0,0.355,train
Burundi,2015,BDI,0.709,3.668,11047581.0,0.355,train
Burundi,2016,BDI,0.732,3.832,11239459.0,0.429,train
Burundi,2017,BDI,0.756,4.121,11506764.0,0.516,train
Burundi,2018,BDI,0.736,4.109,11859444.0,0.645,train
Burundi,2019,BDI,0.691,3.892,12255339.0,0.685,train
Burundi,2020,BDI,0.667,3.801,12617041.0,0.739,train
Burundi,2021,BDI,0.692,4.309,12965487.0,0.772,train
Burundi,2022,BDI,0.697,4.433,13321102.0,0.878,train
Burundi,2023,BDI,0.679,4.454,13689455.0,0.901,train
Burundi,2024,BDI,0.691,4.705,14047788.0,0.917,train
Cambodia,2000,KHM,5.158,16.734,12462343.0,1.997,validation
Cambodia,2001,KHM,5.062,16.848,12658486.0,2.235,validation
Cambodia,2002,KHM,4.902,17.081,12855249.0,2.154,validation
Cambodia,2003,KHM,5.222,18.367,13050977.0,2.253,validation
Cambodia,2004,KHM,5.252,18.048,13244737.0,2.239,validation
Cambodia,2005,KHM,4.204,19.33,13439203.0,2.209,validation
Cambodia,2006,KHM,3.706,20.34,13639032.0,2.847,validation
Cambodia,2007,KHM,3.577,20.696,13841773.0,3.489,validation
Cambodia,2008,KHM,3.464,20.919,14053479.0,3.936,validation
Cambodia,2009,KHM,4.024,21.424,14276819.0,4.579,validation
Cambodia,2010,KHM,4.302,21.628,14500730.0,5.067,validation
Cambodia,2011,KHM,4.894,22.445,14722587.0,5.271,validation
Cambodia,2012,KHM,5.143,21.911,14945090.0,5.572,validation
Cambodia,2013,KHM,5.273,21.768,15170210.0,5.626,validation
Cambodia,2014,KHM,5.862,22.013,15396771.0,6.702,validation
Cambodia,2015,KHM,5.703,22.183,15623253.0,8.186,validation
Cambodia,2016,KHM,5.868,22.368,15852802.0,10.644,validation
Cambodia,2017,KHM,5.775,22.949,16073374.0,12.087,validation
Cambodia,2018,KHM,5.935,23.242,16274522.0,13.938,validation
Cambodia,2019,KHM,6.16,23.131,16481305.0,18.626,validation
Cambodia,2020,KHM,5.922,23.069,16725484.0,20.991,validation
Cambodia,2021,KHM,5.102,24.198,16974309.0,20.775,validation
Cambodia,2022,KHM,5.226,23.218,17201721.0,20.865,validation
Cambodia,2023,KHM,5.246,23.673,17423884.0,21.412,validation
Cambodia,2024,KHM,5.206,23.828,17638804.0,21.883,validation
Cameroon,2000,CMR,4.49,20.911,14912632.0,5.589,train
Cameroon,2001,CMR,4.063,20.368,15309489.0,5.562,train
Cameroon,2002,CMR,4.169,19.68,15725534.0,5.351,train
Cameroon,2003,CMR,4.271,20.497,16160340.0,5.705,train
Cameroon,2004,CMR,3.896,19.209,16610485.0,5.698,train
Cameroon,2005,CMR,3.722,20.103,17074599.0,5.424,train
Cameroon,2006,CMR,3.598,18.891,17550403.0,5.486,train
Cameroon,2007,CMR,3.856,18.436,18049897.0,7.409,train
Cameroon,2008,CMR,4.844,18.707,18574052.0,7.321,train
Cameroon,2009,CMR,5.826,18.833,19113978.0,8.555,train
Cameroon,2010,CMR,4.266,18.237,19668063.0,8.383,train
Cameroon,2011,CMR,3.637,17.908,20232312.0,8.105,train
Cameroon,2012,CMR,3.035,18.479,20809530.0,7.607,train
Cameroon,2013,CMR,3.233,19.499,21402379.0,7.853,train
Cameroon,2014,CMR,2.878,20.821,22059894.0,8.775,train
Cameroon,2015,CMR,3.172,23.097,22763418.0,9.85,train
Cameroon,2016,CMR,3.051,22.921,23454165.0,9.965,train
Cameroon,2017,CMR,3.168,21.236,24128609.0,9.582,train
Cameroon,2018,CMR,2.73,20.661,24806377.0,9.844,train
Cameroon,2019,CMR,2.579,21.156,25506095.0,9.605,train
Cameroon,2020,CMR,2.595,21.775,26210566.0,9.716,train
Cameroon,2021,CMR,2.442,21.678,26915765.0,9.734,train
Cameroon,2022,CMR,2.432,21.464,27632770.0,9.792,train
Cameroon,2023,CMR,2.28,21.222,28372690.0,9.695,train
Cameroon,2024,CMR,2.226,21.405,29123748.0,9.632,train
Canada,2000,CAN,31.057,121.653,30891800.0,566.68,train
Canada,2001,CAN,30.365,121.985,31213578.0,558.981,train
Canada,2002,CAN,29.727,124.416,31535579.0,564.256,train
Canada,2003,CAN,29.796,123.516,31836483.0,581.19,train
Canada,2004,CAN,29.528,127.205,32132680.0,576.286,train
Canada,2005,CAN,28.888,126.354,32440172.0,570.396,train
Canada,2006,CAN,27.791,129.923,32759174.0,566.315,train
Canada,2007,CAN,27.412,128.17,33092171.0,589.956,train
Canada,2008,CAN,26.434,124.892,33449088.0,574.214,train
Canada,2009,CAN,23.612,118.125,33826370.0,541.13,train
Canada,2010,CAN,23.286,118.916,34196900.0,554.307,train
Canada,2011,CAN,24.624,119.642,34555449.0,562.832,train
Canada,2012,CAN,24.563,122.582,34922513.0,561.77,train
Canada,2013,CAN,24.487,123.239,35293421.0,568.59,train
Canada,2014,CAN,24.695,128.456,35634265.0,564.938,train
Canada,2015,CAN,24.468,127.164,35962236.0,563.003,train
Canada,2016,CAN,23.283,122.513,36353345.0,553.707,train
Canada,2017,CAN,23.869,124.508,36808498.0,566.66,train
Canada,2018,CAN,23.414,125.972,37294996.0,575.091,train
Canada,2019,CAN,22.799,125.164,37782934.0,579.007,train
Canada,2020,CAN,20.853,110.822,38171903.0,524.208,train
Canada,2021,CAN,21.369,114.91,38454058.0,537.479,train
Canada,2022,CAN,21.005,117.055,38821259.0,547.658,train
Canada,2023,CAN,20.994,118.72,39299098.0,545.479,train
Canada,2024,CAN,20.198,115.338,39742429.0,533.34,train
Cape Verde,2000,CPV,1.37,0.173,453335.0,0.297,train
Cape Verde,2001,CPV,1.43,0.172,460300.0,0.348,train
Cape Verde,2002,CPV,1.443,0.177,467056.0,0.385,train
Cape Verde,2003,CPV,1.379,0.119,473384.0,0.414,train
Cape Verde,2004,CPV,1.376,0.127,479377.0,0.429,train
Cape Verde,2005,CPV,1.381,0.129,485128.0,0.447,train
Cape Verde,2006,CPV,1.462,0.128,490728.0,0.495,train
Cape Verde,2007,CPV,1.559,0.128,496196.0,0.506,train
Cape Verde,2008,CPV,1.415,0.129,501362.0,0.473,train
Cape Verde,2009,CPV,1.495,0.135,506148.0,0.524,train
Cape Verde,2010,CPV,1.625,0.138,509793.0,0.557,train
Cape Verde,2011,CPV,1.687,0.139,511453.0,0.616,train
Cape Verde,2012,CPV,1.479,0.14,511966.0,0.502,train
Cape Verde,2013,CPV,1.432,0.141,512231.0,0.495,train
Cape Verde,2014,CPV,1.418,0.142,512334.0,0.491,train
Cape Verde,2015,CPV,1.419,0.144,512405.0,0.495,train
Cape Verde,2016,CPV,1.519,0.145,512556.0,0.531,train
Cape Verde,2017,CPV,1.556,0.137,512899.0,0.572,train
Cape Verde,2018,CPV,1.537,0.137,513418.0,0.572,train
Cape Verde,2019,CPV,1.653,0.139,514116.0,0.63,train
Cape Verde,2020,CPV,1.455,0.144,514683.0,0.52,train
Cape Verde,2021,CPV,1.598,0.15,516655.0,0.59,train
Cape Verde,2022,CPV,1.61,0.151,519750.0,0.598,train
Cape Verde,2023,CPV,1.556,0.153,522335.0,0.571,train
Cape Verde,2024,CPV,1.608,0.158,524878.0,0.594,train
Central African Republic,2000,CAF,9.103,12.613,3833421.0,0.125,validation
Central African Republic,2001,CAF,7.929,10.645,3919498.0,0.143,validation
Central African Republic,2002,CAF,6.619,9.591,4006079.0,0.117,validation
Central African Republic,2003,CAF,7.982,12.331,4103092.0,0.114,validation
Central African Republic,2004,CAF,6.829,10.88,4192828.0,0.125,validation
Central African Republic,2005,CAF,7.036,11.494,4288814.0,0.128,validation
Central African Republic,2006,CAF,6.907,11.706,4377582.0,0.139,validation
Central African Republic,2007,CAF,6.991,12.298,4462777.0,0.154,validation
Central African Republic,2008,CAF,8.459,12.999,4558989.0,0.15,validation
Central African Republic,2009,CAF,6.409,10.697,4529051.0,0.154,validation
Central African Republic,2010,CAF,6.638,11.847,4493003.0,0.169,validation
Central African Republic,2011,CAF,6.813,12.538,4565023.0,0.154,validation
Central African Republic,2012,CAF,5.907,10.967,4610848.0,0.183,validation
Central African Republic,2013,CAF,6.38,11.573,4642423.0,0.103,validation
Central African Republic,2014,CAF,5.933,11.347,4623187.0,0.132,validation
Central African Republic,2015,CAF,6.007,11.577,4629322.0,0.194,validation
Central African Republic,2016,CAF,6.453,12.526,4713663.0,0.238,validation
Central African Republic,2017,CAF,10.579,11.476,4793512.0,0.286,validation
Central African Republic,2018,CAF,14.475,11.738,4878663.0,0.271,validation
Central African Republic,2019,CAF,11.988,10.818,4944708.0,0.311,validation
Central African Republic,2020,CAF,9.706,11.607,5026629.0,0.333,validation
Central African Republic,2021,CAF,8.362,11.596,5112103.0,0.366,validation
Central African Republic,2022,CAF,10.308,12.018,5098038.0,0.377,validation
Central African Republic,2023,CAF,12.017,12.861,5152415.0,0.389,validation
Central African Republic,2024,CAF,12.881,13.129,5330691.0,0.395,validation
Chad,2000,TCD,5.967,24.229,8512092.0,0.488,test
Chad,2001,TCD,5.173,22.736,8804122.0,0.506,test
Chad,2002,TCD,5.55,24.469,9116195.0,0.531,test
Chad,2003,TCD,6.373,25.888,9487830.0,0.882,test
Chad,2004,TCD,6.248,28.694,9920036.0,0.906,test
Chad,2005,TCD,5.705,30.309,10328094.0,0.929,test
Chad,2006,TCD,5.365,31.13,10706426.0,0.957,test
Chad,2007,TCD,5.268,32.547,11081667.0,1.089,test
Chad,2008,TCD,5.664,33.576,11476299.0,0.872,test
Chad,2009,TCD,6.33,34.663,11893753.0,1.22,test
Chad,2010,TCD,6.263,36.682,12312580.0,1.236,test
Chad,2011,TCD,7.01,38.4,12755004.0,1.277,test
Chad,2012,TCD,7.546,40.304,13211006.0,1.747,test
Chad,2013,TCD,7.362,41.906,13691081.0,2.082,test
Chad,2014,TCD,6.623,43.919,14188680.0,2.183,test
Chad,2015,TCD,6.661,47.582,14647626.0,2.352,test
Chad,2016,TCD,6.439,50.296,15114652.0,2.382,test
Chad,2017,TCD,6.3,52.173,15622756.0,2.341,test
Chad,2018,TCD,6.284,55.311,16156535.0,2.384,test
Chad,2019,TCD,6.191,57.795,16685223.0,2.3,test
Chad,2020,TCD,6.292,61.443,17224686.0,2.356,test
Chad,2021,TCD,6.277,63.877,17828274.0,2.67,test
Chad,2022,TCD,6.322,67.356,18455319.0,2.8,test
Chad,2023,TCD,6.291,70.636,19319075.0,2.848,test
Chad,2024,TCD,6.203,73.7,20299131.0,2.831,test
Chile,2000,CHL,6.724,23.262,15503638.0,58.503,test
Chile,2001,CHL,6.449,23.345,15683852.0,52.918,test
Chile,2002,CHL,6.236,23.02,15857926.0,54.836,test
Chile,2003,CHL,6.571,22.819,16024755.0,55.1,test
Chile,2004,CHL,6.631,23.425,16187324.0,59.221,test
Chile,2005,CHL,6.728,23.071,16348780.0,61.116,test
Chile,2006,CHL,6.646,22.861,16509195.0,64.048,test
Chile,2007,CHL,7.19,22.739,16671571.0,70.469,test
Chile,2008,CHL,7.458,23.709,16838987.0,70.549,test
Chile,2009,CHL,6.89,22.828,17009730.0,65.96,test
Chile,2010,CHL,7.134,20.598,17181463.0,71.347,test
Chile,2011,CHL,7.351,21.816,17351810.0,78.071,test
Chile,2012,CHL,7.525,22.471,17519116.0,79.621,test
Chile,2013,CHL,7.409,21.995,17687006.0,81.733,test
Chile,2014,CHL,7.067,20.836,17864192.0,77.586,test
Chile,2015,CHL,7.09,19.96,18047630.0,81.778,test
Chile,2016,CHL,7.103,20.074,18267225.0,84.25,test
Chile,2017,CHL,6.936,20.484,18558868.0,84.135,test
Chile,2018,CHL,6.726,21.137,18893185.0,84.443,test
Chile,2019,CHL,6.911,21.118,19197748.0,91.977,test
Chile,2020,CHL,6.428,20.75,19370621.0,80.178,test
Chile,2021,CHL,6.117,19.602,19456323.0,83.63,test
Chile,2022,CHL,6.01,19.111,19553033.0,85.744,test
Chile,2023,CHL,5.404,19.213,19658833.0,77.604,test
Chile,2024,CHL,5.282,18.641,19764774.0,78.726,test
China,2000,CHN,4.161,950.032,1269581174.0,3643.81,validation
China,2001,CHN,4.131,957.323,1278725061.0,3724.114,validation
China,2002,CHN,4.352,961.78,1286866835.0,4098.181,validation
China,2003,CHN,4.923,1007.435,1294517323.0,4835.251,validation
China,2004,CHN,5.254,1069.441,1302100316.0,5210.961,validation
China,2005,CHN,5.764,1119.984,1310027135.0,5881.991,validation
China,2006,CHN,6.233,1162.008,1318054030.0,6486.185,validation
China,2007,CHN,6.563,1176.147,1325813576.0,6974.663,validation
China,2008,CHN,6.931,1183.054,1333821011.0,7492.404,validation
China,2009,CHN,7.184,1197.731,1342522717.0,7881.491,validation
China,2010,CHN,7.627,1241.241,1351561505.0,8610.048,validation
China,2011,CHN,8.346,1323.284,1360250658.0,9520.153,validation
China,2012,CHN,8.416,1319.353,1369520866.0,9767.311,validation
China,2013,CHN,8.479,1330.891,1379008040.0,9942.371,validation
China,2014,CHN,8.422,1340.685,1387951970.0,9976.027,validation
China,2015,CHN,8.339,1341.393,1396134171.0,9858.04,validation
China,2016,CHN,8.107,1299.595,1404052628.0,9748.175,validation
China,2017,CHN,8.229,1319.021,1412354730.0,10000.014,validation
China,2018,CHN,8.449,1354.933,1419008954.0,10346.79,validation
China,2019,CHN,8.656,1373.722,1423520357.0,10713.515,validation
China,2020,CHN,8.782,1398.962,1426106093.0,10896.521,validation
China,2021,CHN,9.085,1450.486,1426437269.0,11284.401,validation
China,2022,CHN,9.435,1513.475,1425179562.0,11711.808,validation
China,2023,CHN,9.795,1541.531,1422584930.0,12172.009,validation
China,2024,CHN,9.939,1590.674,1419321284.0,12289.037,validation
Colombia,2000,COL,4.787,72.859,39089939.0,56.213,validation
Colombia,2001,COL,4.162,74.161,39709263.0,56.465,validation
Colombia,2002,COL,5.241,74.683,40324684.0,55.417,validation
Colombia,2003,COL,8.028,75.64,40937426.0,57.033,validation
Colombia,2004,COL,5.08,75.899,41543177.0,54.324,validation
Colombia,2005,COL,4.164,76.42,42128978.0,60.256,validation
Colombia,2006,COL,4.689,77.042,42691081.0,62.466,validation
Colombia,2007,COL,4.786,79.126,43235374.0,60.67,validation
Colombia,2008,COL,4.248,80.041,43758805.0,66.982,validation
Colombia,2009,COL,4.22,81.006,44271543.0,71.771,validation
Colombia,2010,COL,4.09,83.629,44777325.0,75.431,validation
Colombia,2011,COL,6.401,82.241,45259614.0,75.191,validation
Colombia,2012,COL,10.437,80.107,45715807.0,78.675,validation
Colombia,2013,COL,7.167,80.192,46151583.0,86.445,validation
Colombia,2014,COL,6.041,80.08,46565426.0,92.042,validation
Colombia,2015,COL,5.406,78.506,46969938.0,91.027,validation
Colombia,2016,COL,4.89,80.052,47437513.0,91.583,validation
Colombia,2017,COL,6.438,82.186,48131076.0,83.459,validation
Colombia,2018,COL,6.256,85.284,49024463.0,90.811,validation
Colombia,2019,COL,5.521,87.833,49907987.0,98.962,validation
Colombia,2020,COL,4.821,86.613,50629997.0,92.305,validation
Colombia,2021,COL,4.891,88.907,51188174.0,103.734,validation
Colombia,2022,COL,4.585,89.58,51737944.0,89.437,validation
Colombia,2023,COL,4.573,90.653,52321152.0,89.992,validation
Colombia,2024,COL,4.695,91.299,52886360.0,92.659,validation
Comoros,2000,COM,1.033,0.305,536084.0,0.103,test
Comoros,2001,COM,0.986,0.301,547221.0,0.106,test
Comoros,2002,COM,0.974,0.308,558927.0,0.106,test
Comoros,2003,COM,0.991,0.304,569808.0,0.136,test
Comoros,2004,COM,0.973,0.315,580711.0,0.15,test
Comoros,2005,COM,0.927,0.315,592679.0,0.143,test
Comoros,2006,COM,0.938,0.316,604752.0,0.169,test
Comoros,2007,COM,0.813,0.318,616935.0,0.106,test
Comoros,2008,COM,0.811,0.323,629314.0,0.11,test
Comoros,2009,COM,0.837,0.328,641949.0,0.136,test
Comoros,2010,COM,0.868,0.328,654846.0,0.161,test
Comoros,2011,COM,0.835,0.334,668064.0,0.143,test
Comoros,2012,COM,0.861,0.341,681637.0,0.154,test
Comoros,2013,COM,0.877,0.348,696203.0,0.183,test
Comoros,2014,COM,0.836,0.355,711512.0,0.165,test
Comoros,2015,COM,0.836,0.356,726685.0,0.18,test
Comoros,2016,COM,0.861,0.362,741745.0,0.205,test
Comoros,2017,COM,0.943,0.367,756672.0,0.264,test
Comoros,2018,COM,0.961,0.373,771597.0,0.286,test
Comoros,2019,COM,0.99,0.386,786582.0,0.311,test
Comoros,2020,COM,1.046,0.391,802172.0,0.37,test
Comoros,2021,COM,1.175,0.387,818178.0,0.498,test
Comoros,2022,COM,1.205,0.395,834191.0,0.532,test
Comoros,2023,COM,1.2,0.399,850390.0,0.542,test
Comoros,2024,COM,1.192,0.401,866632.0,0.552,test
Congo,2000,COG,15.14,16.448,3151349.0,4.284,train
Congo,2001,COG,11.893,15.634,3272542.0,4.178,train
Congo,2002,COG,8.653,10.534,3350770.0,2.72,train
Congo,2003,COG,9.63,11.874,3445758.0,3.258,train
Congo,2004,COG,8.866,12.99,3565565.0,3.549,train
Congo,2005,COG,9.567,15.977,3696399.0,4.352,train
Congo,2006,COG,9.66,17.406,3837411.0,4.786,train
Congo,2007,COG,9.709,14.757,3980430.0,4.259,train
Congo,2008,COG,9.527,14.367,4113514.0,4.27,train
Congo,2009,COG,9.623,15.479,4281218.0,4.944,train
Congo,2010,COG,10.564,17.022,4462304.0,5.5,train
Congo,2011,COG,10.756,16.595,4609728.0,5.046,train
Congo,2012,COG,10.042,16.104,4740457.0,5.018,train
Congo,2013,COG,9.286,14.635,4857104.0,5.89,train
Congo,2014,COG,7.237,15.007,4975887.0,5.471,train
Congo,2015,COG,8.434,14.514,5097583.0,5.637,train
Congo,2016,COG,7.479,14.359,5222545.0,5.727,train
Congo,2017,COG,8.191,16.066,5351013.0,5.651,train
Congo,2018,COG,7.595,18.813,5483128.0,6.545,train
Congo,2019,COG,7.158,19.1,5616656.0,7.294,train
Congo,2020,COG,7.809,17.627,5752792.0,7.677,train
Congo,2021,COG,7.027,16.042,5892187.0,7.393,train
Congo,2022,COG,7.178,16.127,6035104.0,8.728,train
Congo,2023,COG,6.91,16.576,6182890.0,8.274,train
Congo,2024,COG,6.613,15.13,6332969.0,8.84,train
Cook Islands,2000,COK,4.557,0.02,15876.0,0.051,test
Cook Islands,2001,COK,4.709,0.018,15259.0,0.055,test
Cook Islands,2002,COK,3.847,0.018,14994.0,0.044,test
Cook Islands,2003,COK,3.958,0.018,15049.0,0.048,test
Cook Islands,2004,COK,4.172,0.019,15103.0,0.051,test
Cook Islands,2005,COK,4.618,0.019,15153.0,0.059,test
Cook Islands,2006,COK,5.017,0.019,15233.0,0.066,test
Cook Islands,2007,COK,4.856,0.019,15519.0,0.066,test
Cook Islands,2008,COK,4.68,0.019,16003.0,0.066,test
Cook Islands,2009,COK,4.235,0.019,16497.0,0.062,test
Cook Islands,2010,COK,4.522,0.019,17000.0,0.07,test
Cook Islands,2011,COK,4.811,0.019,17480.0,0.077,test
Cook Islands,2012,COK,4.979,0.019,17690.0,0.081,test
Cook Islands,2013,COK,5.01,0.019,17629.0,0.081,test
Cook Islands,2014,COK,5.139,0.019,17556.0,0.081,test
Cook Islands,2015,COK,4.979,0.018,17471.0,0.077,test
Cook Islands,2016,COK,4.974,0.018,17360.0,0.077,test
Cook Islands,2017,COK,5.054,0.018,17066.0,0.077,test
Cook Islands,2018,COK,5.219,0.018,16623.0,0.077,test
Cook Islands,2019,COK,5.567,0.017,16151.0,0.081,test
Cook Islands,2020,COK,4.737,0.016,15664.0,0.066,test
Cook Islands,2021,COK,5.378,0.016,15205.0,0.073,test
Cook Islands,2022,COK,5.796,0.015,14747.0,0.077,test
Cook Islands,2023,COK,5.972,0.015,14244.0,0.077,test
Cook Islands,2024,COK,6.421,0.014,13750.0,0.08,test
Costa Rica,2000,CRI,3.9,4.062,3937737.0,5.367,train
Costa Rica,2001,CRI,3.874,4.041,4008951.0,5.638,train
Costa Rica,2002,CRI,4.376,4.022,4075710.0,6.214,train
Costa Rica,2003,CRI,4.129,4.016,4138791.0,6.551,train
Costa Rica,2004,CRI,3.049,4.031,4200079.0,6.797,train
Costa Rica,2005,CRI,3.064,3.768,4261240.0,6.66,train
Costa Rica,2006,CRI,3.235,3.645,4321337.0,6.976,train
Costa Rica,2007,CRI,3.719,3.93,4380250.0,7.907,train
Costa Rica,2008,CRI,4.39,4.105,4440058.0,7.934,train
Costa Rica,2009,CRI,4.382,4.179,4499788.0,7.693,train
Costa Rica,2010,CRI,3.991,4.279,4555965.0,7.461,train
Costa Rica,2011,CRI,3.547,4.393,4609834.0,7.276,train
Costa Rica,2012,CRI,3.586,4.352,4663930.0,7.217,train
Costa Rica,2013,CRI,3.742,4.458,4716153.0,7.584,train
Costa Rica,2014,CRI,3.478,4.462,4767126.0,7.702,train
Costa Rica,2015,CRI,3.803,4.56,4818045.0,7.353,train
Costa Rica,2016,CRI,3.635,4.729,4867003.0,7.829,train
Costa Rica,2017,CRI,3.664,4.886,4913177.0,7.987,train
Costa Rica,2018,CRI,3.283,5.083,4957813.0,7.967,train
Costa Rica,2019,CRI,3.204,5.215,4999549.0,7.66,train
Costa Rica,2020,CRI,2.844,4.935,5034323.0,6.754,train
Costa Rica,2021,CRI,2.775,5.285,5059991.0,7.665,train
Costa Rica,2022,CRI,2.732,5.412,5081764.0,8.01,train
Costa Rica,2023,CRI,2.904,5.451,5105526.0,8.473,train
Costa Rica,2024,CRI,2.921,5.544,5129909.0,8.76,train
Cote d'Ivoire,2000,CIV,3.05,8.387,17699007.0,6.63,train
Cote d'Ivoire,2001,CIV,3.155,8.636,18178920.0,7.653,train
Cote d'Ivoire,2002,CIV,3.229,9.187,18654772.0,7.45,train
Cote d'Ivoire,2003,CIV,5.062,9.218,19125546.0,5.301,train
Cote d'Ivoire,2004,CIV,4.479,9.015,19594997.0,7.386,train
Cote d'Ivoire,2005,CIV,4.894,10.109,20068468.0,7.568,train
Cote d'Ivoire,2006,CIV,4.554,10.148,20546808.0,6.887,train
Cote d'Ivoire,2007,CIV,3.359,10.248,21030558.0,6.653,train
Cote d'Ivoire,2008,CIV,2.667,9.961,21514446.0,6.713,train
Cote d'Ivoire,2009,CIV,2.386,9.739,21997936.0,5.66,train
Cote d'Ivoire,2010,CIV,2.607,10.131,22488068.0,6.225,train
Cote d'Ivoire,2011,CIV,4.78,11.111,22982003.0,6.523,train
Cote d'Ivoire,2012,CIV,5.756,11.496,23467083.0,8.54,train
Cote d'Ivoire,2013,CIV,6.104,12.053,23939775.0,9.68,train
Cote d'Ivoire,2014,CIV,10.02,11.713,24527393.0,9.903,train
Cote d'Ivoire,2015,CIV,4.505,11.975,25246347.0,9.555,train
Cote d'Ivoire,2016,CIV,6.524,13.12,25989404.0,11.979,train
Cote d'Ivoire,2017,CIV,8.984,12.478,26733376.0,12.002,train
Cote d'Ivoire,2018,CIV,5.333,11.648,27464175.0,10.415,train
Cote d'Ivoire,2019,CIV,5.236,12.126,28193014.0,10.539,train
Cote d'Ivoire,2020,CIV,5.868,12.379,28915452.0,11.019,train
Cote d'Ivoire,2021,CIV,3.597,12.45,29639737.0,13.666,train
Cote d'Ivoire,2022,CIV,4.324,12.673,30395004.0,14.504,train
Cote d'Ivoire,2023,CIV,4.385,12.817,31165653.0,14.052,train
Cote d'Ivoire,2024,CIV,4.406,12.992,31934229.0,14.829,train
Croatia,2000,HRV,4.01,3.447,4326105.0,19.653,test
Croatia,2001,HRV,4.093,3.547,4301079.0,20.776,test
Croatia,2002,HRV,4.408,3.53,4305783.0,21.916,test
Croatia,2003,HRV,4.647,3.68,4306683.0,23.226,test
Croatia,2004,HRV,4.979,4.035,4310050.0,22.853,test
Croatia,2005,HRV,5.026,3.829,4313946.0,23.296,test
Croatia,2006,HRV,5.147,4.0,4315802.0,23.496,test
Croatia,2007,HRV,6.507,4.194,4315959.0,24.802,test
Croatia,2008,HRV,5.625,4.039,4314635.0,23.516,test
Croatia,2009,HRV,5.27,4.194,4310537.0,21.752,test
Croatia,2010,HRV,4.985,4.002,4301150.0,20.978,test
Croatia,2011,HRV,5.293,4.08,4280827.0,20.615,test
Croatia,2012,HRV,7.036,3.881,4259233.0,19.05,test
Croatia,2013,HRV,5.435,3.843,4242403.0,18.401,test
Croatia,2014,HRV,5.419,3.793,4219485.0,17.65,test
Croatia,2015,HRV,5.611,3.928,4183732.0,17.794,test
Croatia,2016,HRV,5.35,3.993,4136438.0,18.079,test
Croatia,2017,HRV,5.54,3.989,4079198.0,18.713,test
Croatia,2018,HRV,5.445,3.789,4024868.0,17.695,test
Croatia,2019,HRV,5.909,3.708,3986338.0,17.82,test
Croatia,2020,HRV,5.496,3.575,3953956.0,16.87,test
Croatia,2021,HRV,5.464,3.489,3924607.0,17.403,test
Croatia,2022,HRV,5.518,3.365,3907031.0,17.585,test
Croatia,2023,HRV,5.784,3.276,3896023.0,18.468,test
Croatia,2024,HRV,5.795,3.16,3875325.0,18.465,test
Cuba,2000,CUB,5.899,14.312,11109112.0,25.299,validation
Cuba,2001,CUB,4.74,14.091,11144134.0,24.681,validation
Cuba,2002,CUB,4.25,14.118,11177422.0,25.179,validation
Cuba,2003,CUB,4.051,14.209,11209379.0,25.554,validation
Cuba,2004,CUB,4.258,13.771,11238756.0,24.54,validation
Cuba,2005,CUB,4.038,13.065,11262553.0,25.706,validation
Cuba,2006,CUB,3.829,13.389,11278550.0,26.781,validation
Cuba,2007,CUB,3.701,13.465,11287274.0,25.724,validation
Cuba,2008,CUB,3.75,13.77,11291764.0,27.738,validation
Cuba,2009,CUB,3.701,14.42,11294719.0,28.261,validation
Cuba,2010,CUB,4.057,13.834,11297414.0,33.042,validation
Cuba,2011,CUB,3.155,14.095,11301578.0,29.076,validation
Cuba,2012,CUB,3.713,14.077,11303172.0,29.476,validation
Cuba,2013,CUB,3.505,14.159,11298163.0,27.894,validation
Cuba,2014,CUB,3.555,14.093,11285780.0,27.366,validation
Cuba,2015,CUB,3.5,13.545,11275069.0,29.091,validation
Cuba,2016,CUB,4.311,13.725,11265615.0,27.772,validation
Cuba,2017,CUB,3.655,13.289,11247824.0,24.559,validation
Cuba,2018,CUB,3.829,13.376,11227116.0,23.019,validation
Cuba,2019,CUB,3.476,13.241,11202847.0,22.487,validation
Cuba,2020,CUB,3.207,12.772,11176349.0,21.281,validation
Cuba,2021,CUB,3.227,12.502,11122169.0,22.549,validation
Cuba,2022,CUB,3.379,12.194,11059822.0,23.259,validation
Cuba,2023,CUB,3.498,12.136,11019932.0,23.47,validation
Cuba,2024,CUB,3.592,11.732,10979781.0,24.44,validation
Cyprus,2000,CYP,7.573,0.47,947667.0,7.107,train
Cyprus,2001,CYP,7.235,0.488,964129.0,6.98,train
Cyprus,2002,CYP,8.248,0.506,981443.0,7.172,train
Cyprus,2003,CYP,8.335,0.496,999600.0,7.561,train
Cyprus,2004,CYP,8.731,0.487,1017875.0,7.787,train
Cyprus,2005,CYP,8.138,0.473,1036156.0,7.952,train
Cyprus,2006,CYP,8.218,0.481,1054424.0,8.183,train
Cyprus,2007,CYP,8.119,0.489,1072727.0,8.475,train
Cyprus,2008,CYP,8.418,0.494,1091029.0,8.692,train
Cyprus,2009,CYP,7.651,0.491,1109377.0,8.438,train
Cyprus,2010,CYP,7.532,0.924,1127826.0,8.072,train
Cyprus,2011,CYP,7.123,0.913,1146493.0,7.792,train
Cyprus,2012,CYP,6.401,0.843,1165403.0,7.262,train
Cyprus,2013,CYP,5.686,0.806,1183899.0,6.578,train
Cyprus,2014,CYP,6.78,0.801,1201806.0,6.93,train
Cyprus,2015,CYP,6.136,0.823,1219504.0,6.952,train
Cyprus,2016,CYP,6.846,0.853,1237114.0,7.35,train
Cyprus,2017,CYP,7.087,0.871,1254274.0,7.469,train
Cyprus,2018,CYP,6.711,1.234,1270743.0,7.324,train
Cyprus,2019,CYP,6.97,1.741,1286669.0,7.324,train
Cyprus,2020,CYP,6.58,1.695,1302250.0,6.903,train
Cyprus,2021,CYP,6.618,1.871,1317311.0,6.951,train
Cyprus,2022,CYP,6.744,2.052,1331376.0,7.071,train
Cyprus,2023,CYP,6.931,2.294,1344981.0,7.188,train
Cyprus,2024,CYP,6.989,2.37,1358287.0,7.299,train
Czechia,2000,CZE,14.563,14.12,10236809.0,127.233,test
Czechia,2001,CZE,13.906,14.164,10231942.0,127.165,test
Czechia,2002,CZE,13.465,14.02,10239474.0,123.988,test
Czechia,2003,CZE,13.818,14.109,10248907.0,127.592,test
Czechia,2004,CZE,13.927,14.05,10261453.0,128.314,test
Czechia,2005,CZE,13.594,13.778,10280155.0,125.713,test
Czechia,2006,CZE,13.796,13.785,10304592.0,126.533,test
Czechia,2007,CZE,13.993,13.711,10337539.0,128.364,test
Czechia,2008,CZE,13.446,13.74,10378298.0,122.928,test
Czechia,2009,CZE,12.623,13.49,10420985.0,114.972,test
Czechia,2010,CZE,12.965,13.68,10464035.0,117.464,test
Czechia,2011,CZE,12.853,13.646,10495508.0,115.178,test
Czechia,2012,CZE,12.574,13.69,10507339.0,111.276,test
Czechia,2013,CZE,12.207,13.067,10511164.0,106.71,test
Czechia,2014,CZE,12.145,12.76,10517223.0,104.233,test
Czechia,2015,CZE,12.518,12.702,10524418.0,104.99,test
Czechia,2016,CZE,12.344,12.629,10531946.0,106.636,test
Czechia,2017,CZE,12.067,12.678,10541343.0,107.736,test
Czechia,2018,CZE,11.664,12.542,10548934.0,106.322,test
Czechia,2019,CZE,11.012,12.616,10554872.0,100.997,test
Czechia,2020,CZE,9.908,12.274,10550129.0,91.661,test
Czechia,2021,CZE,10.37,12.581,10530683.0,96.629,test
Czechia,2022,CZE,9.976,12.718,10673216.0,95.04,test
Czechia,2023,CZE,8.607,12.526,10809722.0,83.232,test
Czechia,2024,CZE,7.866,12.622,10735857.0,75.623,test
Democratic Republic of Congo,2000,COD,5.045,24.026,50507445.0,1.705,train
Democratic Republic of Congo,2001,COD,4.309,24.63,52132646.0,1.647,train
Democratic Republic of Congo,2002,COD,4.101,27.354,53750529.0,1.734,train
Democratic Republic of Congo,2003,COD,4.368,28.864,55343873.0,2.096,train
Democratic Republic of Congo,2004,COD,3.966,30.157,56997740.0,2.028,train
Democratic Republic of Congo,2005,COD,3.807,30.063,58775726.0,2.287,train
Democratic Republic of Congo,2006,COD,3.848,30.732,60615909.0,2.352,train
Democratic Republic of Congo,2007,COD,3.752,29.934,62477753.0,2.623,train
Democratic Republic of Congo,2008,COD,7.312,30.899,64390658.0,2.685,train
Democratic Republic of Congo,2009,COD,10.43,30.869,66412038.0,2.446,train
Democratic Republic of Congo,2010,COD,11.799,32.206,68563038.0,2.735,train
Democratic Republic of Congo,2011,COD,12.946,31.903,70849311.0,3.041,train
Democratic Republic of Congo,2012,COD,11.964,38.701,73254623.0,2.797,train
Democratic Republic of Congo,2013,COD,11.886,40.912,75789397.0,3.921,train
Democratic Republic of Congo,2014,COD,9.986,42.105,78403248.0,5.066,train
Democratic Republic of Congo,2015,COD,8.157,43.665,81035532.0,3.274,train
Democratic Republic of Congo,2016,COD,8.375,44.622,83956416.0,2.659,train
Democratic Republic of Congo,2017,COD,8.386,46.828,87083400.0,2.92,train
Democratic Republic of Congo,2018,COD,6.998,45.545,90047647.0,3.774,train
Democratic Republic of Congo,2019,COD,6.15,46.822,92947450.0,4.118,train
Democratic Republic of Congo,2020,COD,6.285,48.027,95990000.0,4.305,train
Democratic Republic of Congo,2021,COD,7.545,48.913,99148930.0,4.292,train
Democratic Republic of Congo,2022,COD,7.536,50.459,102396974.0,5.892,train
Democratic Republic of Congo,2023,COD,6.605,51.204,105789733.0,5.881,train
Democratic Republic of Congo,2024,COD,6.229,52.444,109276264.0,5.904,train
Denmark,2000,DNK,13.147,9.599,5339659.0,54.307,validation
Denmark,2001,DNK,13.288,9.866,5358825.0,55.897,validation
Denmark,2002,DNK,13.049,9.659,5375967.0,55.554,validation
Denmark,2003,DNK,14.019,9.6,5390621.0,60.645,validation
Denmark,2004,DNK,13.375,9.341,5404594.0,55.1,validation
Denmark,2005,DNK,12.576,9.249,5419550.0,51.535,validation
Denmark,2006,DNK,13.707,9.211,5437425.0,59.5,validation
Denmark,2007,DNK,13.136,9.348,5461604.0,54.709,validation
Denmark,2008,DNK,12.358,9.095,5493762.0,51.256,validation
Denmark,2009,DNK,11.731,8.904,5523169.0,48.851,validation
Denmark,2010,DNK,12.423,9.205,5547865.0,49.19,validation
Denmark,2011,DNK,10.853,9.08,5570848.0,44.237,validation
Denmark,2012,DNK,10.09,9.003,5591911.0,39.861,validation
Denmark,2013,DNK,10.692,9.632,5615333.0,41.763,validation
Denmark,2014,DNK,9.604,9.603,5643795.0,37.571,validation
Denmark,2015,DNK,9.322,9.9,5683698.0,35.111,validation
Denmark,2016,DNK,9.604,10.133,5728196.0,36.917,validation
Denmark,2017,DNK,9.282,10.186,5765164.0,34.665,validation
Denmark,2018,DNK,9.118,10.388,5793824.0,34.609,validation
Denmark,2019,DNK,8.444,10.582,5814618.0,30.95,validation
Denmark,2020,DNK,7.967,10.602,5831529.0,28.3,validation
Denmark,2021,DNK,8.216,10.62,5856774.0,29.604,validation
Denmark,2022,DNK,7.926,10.226,5902901.0,29.094,validation
Denmark,2023,DNK,7.842,10.34,5948134.0,28.831,validation
Denmark,2024,DNK,7.685,10.216,5977417.0,28.369,validation
Djibouti,2000,DJI,2.083,0.944,747326.0,0.366,test
Djibouti,2001,DJI,1.964,0.938,771311.0,0.366,test
Djibouti,2002,DJI,1.923,0.944,795576.0,0.399,test
Djibouti,2003,DJI,1.933,0.96,813528.0,0.421,test
Djibouti,2004,DJI,1.916,0.975,826133.0,0.407,test
Djibouti,2005,DJI,1.928,0.988,839174.0,0.414,test
Djibouti,2006,DJI,1.922,1.0,855767.0,0.414,test
Djibouti,2007,DJI,1.949,1.01,874530.0,0.454,test
Djibouti,2008,DJI,2.007,1.043,892739.0,0.495,test
Djibouti,2009,DJI,1.889,1.013,911524.0,0.443,test
Djibouti,2010,DJI,1.938,1.006,930252.0,0.517,test
Djibouti,2011,DJI,1.705,1.02,948565.0,0.315,test
Djibouti,2012,DJI,1.68,1.039,966754.0,0.293,test
Djibouti,2013,DJI,1.759,1.055,984833.0,0.381,test
Djibouti,2014,DJI,1.785,1.072,1002720.0,0.418,test
Djibouti,2015,DJI,1.841,1.072,1020316.0,0.505,test
Djibouti,2016,DJI,1.788,1.121,1037660.0,0.428,test
Djibouti,2017,DJI,1.759,1.133,1054844.0,0.414,test
Djibouti,2018,DJI,1.795,1.137,1071886.0,0.472,test
Djibouti,2019,DJI,1.852,1.153,1088710.0,0.54,test
Djibouti,2020,DJI,1.771,1.169,1105193.0,0.463,test
Djibouti,2021,DJI,1.833,1.176,1121251.0,0.558,test
Djibouti,2022,DJI,1.821,1.195,1137101.0,0.55,test
Djibouti,2023,DJI,1.814,1.206,1152951.0,0.558,test
Djibouti,2024,DJI,1.809,1.22,1168726.0,0.564,test
Dominica,2000,DMA,2.705,0.052,68527.0,0.103,train
Dominica,2001,DMA,2.573,0.052,68299.0,0.11,train
Dominica,2002,DMA,2.213,0.052,68385.0,0.103,train
Dominica,2003,DMA,2.368,0.052,68552.0,0.117,train
Dominica,2004,DMA,2.809,0.053,68664.0,0.143,train
Dominica,2005,DMA,2.867,0.053,68750.0,0.15,train
Dominica,2006,DMA,3.499,0.053,68823.0,0.143,train
Dominica,2007,DMA,3.089,0.054,68862.0,0.172,train
Dominica,2008,DMA,3.156,0.054,68866.0,0.169,train
Dominica,2009,DMA,2.705,0.054,68879.0,0.187,train
Dominica,2010,DMA,2.783,0.055,68872.0,0.169,train
Dominica,2011,DMA,2.648,0.057,69073.0,0.15,train
Dominica,2012,DMA,2.932,0.057,69138.0,0.165,train
Dominica,2013,DMA,2.545,0.057,69733.0,0.158,train
Dominica,2014,DMA,2.62,0.058,70387.0,0.169,train
Dominica,2015,DMA,2.606,0.058,70429.0,0.176,train
Dominica,2016,DMA,2.849,0.058,69627.0,0.172,train
Dominica,2017,DMA,2.689,0.058,68514.0,0.154,train
Dominica,2018,DMA,2.75,0.058,68195.0,0.165,train
Dominica,2019,DMA,2.834,0.058,67901.0,0.172,train
Dominica,2020,DMA,2.74,0.058,67588.0,0.158,train
Dominica,2021,DMA,2.789,0.058,67222.0,0.161,train
Dominica,2022,DMA,2.904,0.058,66847.0,0.165,train
Dominica,2023,DMA,2.955,0.058,66531.0,0.165,train
Dominica,2024,DMA,3.095,0.058,66226.0,0.171,train
Dominican Republic,2000,DOM,3.76,7.013,8584196.0,18.937,test
Dominican Republic,2001,DOM,3.707,7.391,8720287.0,19.083,test
Dominican Republic,2002,DOM,3.312,7.661,8852231.0,20.87,test
Dominican Republic,2003,DOM,3.429,7.569,8980626.0,21.26,test
Dominican Republic,2004,DOM,3.029,8.161,9104889.0,17.254,test
Dominican Republic,2005,DOM,3.049,8.021,9225035.0,17.852,test
Dominican Republic,2006,DOM,3.215,8.221,9341187.0,19.03,test
Dominican Republic,2007,DOM,3.282,9.059,9455663.0,19.909,test
Dominican Republic,2008,DOM,3.456,9.343,9573135.0,20.235,test
Dominican Republic,2009,DOM,3.323,9.671,9695270.0,19.686,test
Dominican Republic,2010,DOM,3.412,9.931,9820180.0,20.445,test
Dominican Republic,2011,DOM,3.19,10.089,9945623.0,20.922,test
Dominican Republic,2012,DOM,3.243,10.169,10070409.0,20.903,test
Dominican Republic,2013,DOM,3.262,10.318,10193838.0,20.842,test
Dominican Republic,2014,DOM,4.527,10.489,10315523.0,21.264,test
Dominican Republic,2015,DOM,3.884,10.617,10434826.0,22.986,test
Dominican Republic,2016,DOM,3.802,10.805,10551430.0,24.14,test
Dominican Republic,2017,DOM,3.602,11.034,10666846.0,23.455,test
Dominican Republic,2018,DOM,3.712,11.337,10782048.0,25.203,test
Dominican Republic,2019,DOM,3.964,11.422,10894043.0,28.471,test
Dominican Republic,2020,DOM,3.735,11.595,11008298.0,26.228,test
Dominican Republic,2021,DOM,3.993,11.846,11123480.0,29.363,test
Dominican Republic,2022,DOM,4.137,11.92,11230734.0,31.225,test
Dominican Republic,2023,DOM,4.17,12.032,11331269.0,31.829,test
Dominican Republic,2024,DOM,4.247,12.226,11427558.0,33.131,test
East Timor,2000,TLS,4.904,0.564,745095.0,0.22,validation
East Timor,2001,TLS,4.552,0.738,812253.0,0.119,validation
East Timor,2002,TLS,4.542,0.741,879170.0,0.262,validation
East Timor,2003,TLS,4.326,0.757,916876.0,0.249,validation
East Timor,2004,TLS,4.656,1.083,929081.0,0.497,validation
East Timor,2005,TLS,4.617,1.597,948310.0,0.321,validation
East Timor,2006,TLS,4.603,1.774,976610.0,0.317,validation
East Timor,2007,TLS,5.0,1.589,1004898.0,0.288,validation
East Timor,2008,TLS,4.675,1.782,1032431.0,0.285,validation
East Timor,2009,TLS,4.286,1.695,1058783.0,0.322,validation
East Timor,2010,TLS,4.529,1.604,1084688.0,0.313,validation
East Timor,2011,TLS,4.725,1.718,1110212.0,0.434,validation
East Timor,2012,TLS,4.669,1.846,1134891.0,0.591,validation
East Timor,2013,TLS,4.295,1.469,1158697.0,0.62,validation
East Timor,2014,TLS,3.966,1.271,1181913.0,0.627,validation
East Timor,2015,TLS,3.895,1.355,1205133.0,0.59,validation
East Timor,2016,TLS,3.702,1.196,1228314.0,0.643,validation
East Timor,2017,TLS,4.587,1.124,1251711.0,0.693,validation
East Timor,2018,TLS,3.688,1.05,1275962.0,0.617,validation
East Timor,2019,TLS,3.91,1.223,1300946.0,0.675,validation
East Timor,2020,TLS,3.993,1.074,1326051.0,0.646,validation
East Timor,2021,TLS,4.14,1.049,1350142.0,0.62,validation
East Timor,2022,TLS,3.646,1.093,1369299.0,0.67,validation
East Timor,2023,TLS,3.516,1.09,1384292.0,0.637,validation
East Timor,2024,TLS,3.481,1.032,1400638.0,0.668,validation
Ecuador,2000,ECU,5.528,19.792,12689215.0,20.949,validation
Ecuador,2001,ECU,5.18,20.85,12910736.0,23.436,validation
Ecuador,2002,ECU,4.743,20.789,13138473.0,24.861,validation
Ecuador,2003,ECU,9.536,21.173,13372304.0,27.113,validation
Ecuador,2004,ECU,5.979,22.709,13608700.0,29.31,validation
Ecuador,2005,ECU,5.227,22.803,13846162.0,30.652,validation
Ecuador,2006,ECU,4.997,22.781,14086138.0,29.781,validation
Ecuador,2007,ECU,6.438,22.469,14328783.0,34.393,validation
Ecuador,2008,ECU,5.632,22.399,14575201.0,30.488,validation
Ecuador,2009,ECU,5.245,23.503,14825960.0,33.815,validation
Ecuador,2010,ECU,5.411,24.398,15076697.0,36.469,validation
Ecuador,2011,ECU,6.985,24.602,15326232.0,38.48,validation
Ecuador,2012,ECU,5.165,24.703,15572195.0,37.493,validation
Ecuador,2013,ECU,5.735,25.231,15807132.0,39.685,validation
Ecuador,2014,ECU,9.103,24.693,16035127.0,43.76,validation
Ecuador,2015,ECU,5.895,23.793,16266229.0,41.298,validation
Ecuador,2016,ECU,5.388,23.915,16505142.0,39.375,validation
Ecuador,2017,ECU,5.014,23.637,16759515.0,39.196,validation
Ecuador,2018,ECU,5.866,22.881,17049542.0,38.451,validation
Ecuador,2019,ECU,5.629,23.442,17340017.0,40.083,validation
Ecuador,2020,ECU,4.374,22.87,17546058.0,32.473,validation
Ecuador,2021,ECU,4.471,22.541,17682454.0,38.185,validation
Ecuador,2022,ECU,4.518,22.277,17823900.0,42.066,validation
Ecuador,2023,ECU,3.458,22.084,17980079.0,44.6,validation
Ecuador,2024,ECU,3.481,21.65,18135478.0,45.98,validation
Egypt,2000,EGY,2.881,48.798,73083287.0,142.837,validation
Egypt,2001,EGY,2.603,48.443,74652035.0,126.372,validation
Egypt,2002,EGY,2.595,50.058,76239140.0,128.362,validation
Egypt,2003,EGY,2.841,50.997,77853548.0,149.954,validation
Egypt,2004,EGY,2.831,51.405,79477441.0,151.917,validation
Egypt,2005,EGY,2.961,51.591,81101012.0,166.934,validation
Egypt,2006,EGY,3.054,52.802,82700404.0,178.389,validation
Egypt,2007,EGY,3.118,52.371,84276224.0,189.201,validation
Egypt,2008,EGY,3.178,53.566,85864791.0,195.86,validation
Egypt,2009,EGY,3.216,53.06,87501635.0,205.243,validation
Egypt,2010,EGY,3.095,50.266,89196073.0,202.704,validation
Egypt,2011,EGY,3.265,51.806,91093066.0,221.675,validation
Egypt,2012,EGY,3.106,52.923,93161000.0,212.524,validation
Egypt,2013,EGY,3.081,51.534,95333551.0,219.087,validation
Egypt,2014,EGY,3.101,51.438,97528655.0,227.254,validation
Egypt,2015,EGY,3.019,50.312,99597334.0,226.654,validation
Egypt,2016,EGY,3.157,50.653,101644583.0,245.164,validation
Egypt,2017,EGY,3.174,51.054,103696055.0,253.364,validation
Egypt,2018,EGY,2.999,50.307,105682092.0,241.903,validation
Egypt,2019,EGY,2.823,46.912,107553159.0,234.06,validation
Egypt,2020,EGY,2.893,46.511,109315118.0,246.323,validation
Egypt,2021,EGY,3.043,47.178,110957005.0,266.839,validation
Egypt,2022,EGY,2.868,49.239,112618252.0,249.899,validation
Egypt,2023,EGY,2.819,48.999,114535772.0,250.23,validation
Egypt,2024,EGY,2.853,49.838,116538256.0,258.368,validation
El Salvador,2000,SLV,2.62,3.491,5943363.0,5.648,train
El Salvador,2001,SLV,2.036,3.794,5968058.0,5.829,train
El Salvador,2002,SLV,1.68,3.96,5986629.0,6.036,train
El Salvador,2003,SLV,1.667,3.901,5998597.0,6.396,train
El Salvador,2004,SLV,1.307,3.955,6004673.0,6.216,train
El Salvador,2005,SLV,1.248,4.0,6005583.0,6.262,train
El Salvador,2006,SLV,1.647,4.149,6002321.0,6.689,train
El Salvador,2007,SLV,1.671,4.017,6009820.0,6.819,train
El Salvador,2008,SLV,1.513,3.774,6029302.0,6.375,train
El Salvador,2009,SLV,1.592,3.696,6048284.0,6.283,train
El Salvador,2010,SLV,1.529,3.55,6068253.0,6.287,train
El Salvador,2011,SLV,1.483,3.232,6090128.0,6.467,train
El Salvador,2012,SLV,1.533,3.425,6113977.0,6.436,train
El Salvador,2013,SLV,1.424,3.054,6138845.0,6.058,train
El Salvador,2014,SLV,1.602,3.291,6162952.0,6.12,train
El Salvador,2015,SLV,1.469,3.265,6183675.0,6.637,train
El Salvador,2016,SLV,1.368,3.125,6200808.0,6.572,train
El Salvador,2017,SLV,1.245,3.093,6213538.0,5.942,train
El Salvador,2018,SLV,1.316,2.934,6219803.0,6.452,train
El Salvador,2019,SLV,1.42,2.882,6222316.0,7.634,train
El Salvador,2020,SLV,1.047,2.992,6234679.0,6.135,train
El Salvador,2021,SLV,1.232,3.081,6255780.0,6.977,train
El Salvador,2022,SLV,1.395,3.091,6280316.0,7.913,train
El Salvador,2023,SLV,1.491,3.12,6309629.0,8.67,train
El Salvador,2024,SLV,1.558,3.206,6338197.0,8.972,train
Equatorial Guinea,2000,GNQ,19.665,9.145,703287.0,2.699,train
Equatorial Guinea,2001,GNQ,19.042,9.807,749836.0,3.091,train
Equatorial Guinea,2002,GNQ,15.745,7.443,797968.0,2.765,train
Equatorial Guinea,2003,GNQ,15.165,8.205,847867.0,3.13,train
Equatorial Guinea,2004,GNQ,19.534,9.546,899924.0,6.137,train
Equatorial Guinea,2005,GNQ,17.679,9.046,947370.0,6.206,train
Equatorial Guinea,2006,GNQ,18.058,10.372,990349.0,6.172,train
Equatorial Guinea,2007,GNQ,17.966,10.806,1036053.0,5.711,train
Equatorial Guinea,2008,GNQ,16.747,10.195,1084538.0,5.926,train
Equatorial Guinea,2009,GNQ,14.952,8.692,1135683.0,4.883,train
Equatorial Guinea,2010,GNQ,13.554,9.095,1189097.0,6.377,train
Equatorial Guinea,2011,GNQ,12.949,8.738,1241843.0,6.067,train
Equatorial Guinea,2012,GNQ,12.564,9.064,1293485.0,6.875,train
Equatorial Guinea,2013,GNQ,13.488,8.099,1346220.0,8.168,train
Equatorial Guinea,2014,GNQ,11.868,8.171,1399829.0,7.641,train
Equatorial Guinea,2015,GNQ,12.077,8.686,1453925.0,7.01,train
Equatorial Guinea,2016,GNQ,10.987,7.586,1508192.0,7.538,train
Equatorial Guinea,2017,GNQ,10.332,6.689,1562401.0,6.816,train
Equatorial Guinea,2018,GNQ,8.647,5.126,1616425.0,7.034,train
Equatorial Guinea,2019,GNQ,7.362,4.657,1670184.0,5.514,train
Equatorial Guinea,2020,GNQ,8.091,4.633,1716479.0,6.39,train
Equatorial Guinea,2021,GNQ,7.708,4.021,1758796.0,7.088,train
Equatorial Guinea,2022,GNQ,7.811,3.753,1803549.0,7.497,train
Equatorial Guinea,2023,GNQ,6.392,2.93,1847556.0,6.913,train
Equatorial Guinea,2024,GNQ,6.175,2.699,1892523.0,7.01,train
Eritrea,2000,ERI,2.669,3.818,2247036.0,0.604,train
Eritrea,2001,ERI,2.445,3.641,2312083.0,0.637,train
Eritrea,2002,ERI,3.299,3.639,2392981.0,0.509,train
Eritrea,2003,ERI,4.293,3.758,2493906.0,0.78,train
Eritrea,2004,ERI,3.803,3.824,2598288.0,0.633,train
Eritrea,2005,ERI,3.582,3.895,2661215.0,0.586,train
Eritrea,2006,ERI,3.581,3.818,2703501.0,0.454,train
Eritrea,2007,ERI,3.02,4.045,2743226.0,0.424,train
Eritrea,2008,ERI,3.024,4.074,2816331.0,0.398,train
Eritrea,2009,ERI,3.19,4.106,2887887.0,0.446,train
Eritrea,2010,ERI,3.24,4.059,2945184.0,0.468,train
Eritrea,2011,ERI,3.01,4.233,2998493.0,0.578,train
Eritrea,2012,ERI,2.923,4.282,3036998.0,0.608,train
Eritrea,2013,ERI,2.79,4.345,3074367.0,0.57,train
Eritrea,2014,ERI,2.947,4.39,3095168.0,0.569,train
Eritrea,2015,ERI,3.075,4.435,3105554.0,0.557,train
Eritrea,2016,ERI,3.184,4.494,3124700.0,0.554,train
Eritrea,2017,ERI,3.32,4.501,3150350.0,0.553,train
Eritrea,2018,ERI,3.322,4.54,3192763.0,0.616,train
Eritrea,2019,ERI,3.351,4.575,3240194.0,0.645,train
Eritrea,2020,ERI,3.339,4.613,3291277.0,0.641,train
Eritrea,2021,ERI,2.898,4.646,3350185.0,0.682,train
Eritrea,2022,ERI,2.972,4.675,3409450.0,0.718,train
Eritrea,2023,ERI,2.966,4.702,3470391.0,0.731,train
Eritrea,2024,ERI,2.947,4.737,3535610.0,0.743,train
Estonia,2000,EST,11.037,2.708,1397001.0,15.471,train
Estonia,2001,EST,10.833,2.541,1388174.0,15.87,train
Estonia,2002,EST,12.271,2.399,1379438.0,15.358,train
Estonia,2003,EST,12.663,2.491,1370849.0,17.251,train
Estonia,2004,EST,16.274,2.512,1362682.0,17.322,train
Estonia,2005,EST,14.387,2.41,1354847.0,17.09,train
Estonia,2006,EST,14.099,2.132,1346885.0,16.438,train
Estonia,2007,EST,16.378,2.298,1340709.0,19.93,train
Estonia,2008,EST,15.477,2.518,1337078.0,17.815,train
Estonia,2009,EST,13.796,2.438,1334528.0,14.405,train
Estonia,2010,EST,16.91,2.637,1331450.0,18.965,train
Estonia,2011,EST,16.868,2.682,1327366.0,18.948,train
Estonia,2012,EST,16.537,2.73,1322615.0,17.761,train
Estonia,2013,EST,18.074,2.607,1317920.0,19.634,train
Estonia,2014,EST,18.118,2.728,1314457.0,18.784,train
Estonia,2015,EST,16.075,2.725,1314580.0,15.78,train
Estonia,2016,EST,16.648,2.662,1315850.0,17.433,train
Estonia,2017,EST,17.808,2.788,1317430.0,18.616,train
Estonia,2018,EST,17.406,2.973,1321972.0,17.801,train
Estonia,2019,EST,12.924,2.841,1326822.0,12.288,train
Estonia,2020,EST,9.884,1.754,1329675.0,9.198,train
Estonia,2021,EST,10.812,1.785,1331750.0,10.391,train
Estonia,2022,EST,11.922,1.774,1350093.0,11.966,train
Estonia,2023,EST,9.491,1.747,1367195.0,8.744,train
Estonia,2024,EST,8.905,1.33,1360548.0,8.307,train
Eswatini,2000,SWZ,2.55,1.461,1041428.0,1.205,train
Eswatini,2001,SWZ,2.048,1.401,1051066.0,1.099,train
Eswatini,2002,SWZ,1.872,1.482,1059456.0,1.081,train
Eswatini,2003,SWZ,1.881,1.52,1066706.0,1.004,train
Eswatini,2004,SWZ,1.918,1.554,1073170.0,1.004,train
Eswatini,2005,SWZ,1.691,1.541,1079022.0,1.015,train
Eswatini,2006,SWZ,1.726,1.474,1084442.0,1.015,train
Eswatini,2007,SWZ,1.802,1.537,1090713.0,1.044,train
Eswatini,2008,SWZ,1.783,1.487,1098098.0,1.019,train
Eswatini,2009,SWZ,1.71,1.395,1105158.0,1.055,train
Eswatini,2010,SWZ,1.545,1.258,1111651.0,0.997,train
Eswatini,2011,SWZ,1.485,1.139,1117845.0,0.96,train
Eswatini,2012,SWZ,1.507,1.157,1123870.0,1.11,train
Eswatini,2013,SWZ,1.509,1.216,1130000.0,1.315,train
Eswatini,2014,SWZ,1.482,1.207,1136305.0,0.762,train
Eswatini,2015,SWZ,1.412,1.195,1142822.0,0.85,train
Eswatini,2016,SWZ,1.481,1.181,1149516.0,1.022,train
Eswatini,2017,SWZ,1.562,1.141,1158198.0,0.971,train
Eswatini,2018,SWZ,1.498,1.146,1168933.0,1.015,train
Eswatini,2019,SWZ,1.545,1.174,1179885.0,1.099,train
Eswatini,2020,SWZ,1.373,1.156,1192734.0,0.989,train
Eswatini,2021,SWZ,1.441,1.177,1206598.0,0.989,train
Eswatini,2022,SWZ,1.358,1.17,1218921.0,1.028,train
Eswatini,2023,SWZ,1.418,1.174,1230507.0,1.03,train
Eswatini,2024,SWZ,1.305,1.175,1242829.0,1.045,train
Ethiopia,2000,ETH,1.958,55.864,67411496.0,3.463,train
Ethiopia,2001,ETH,1.843,58.4,69487767.0,4.265,train
Ethiopia,2002,ETH,2.941,64.633,71635521.0,4.432,train
Ethiopia,2003,ETH,3.477,63.684,73832664.0,4.87,train
Ethiopia,2004,ETH,3.292,65.043,76077211.0,5.159,train
Ethiopia,2005,ETH,3.237,67.793,78367476.0,4.956,train
Ethiopia,2006,ETH,3.271,71.519,80703495.0,5.318,train
Ethiopia,2007,ETH,2.941,78.108,83103218.0,5.84,train
Ethiopia,2008,ETH,2.981,81.28,85543670.0,6.418,train
Ethiopia,2009,ETH,3.105,84.766,88007641.0,6.453,train
Ethiopia,2010,ETH,3.208,88.467,90538518.0,6.344,train
Ethiopia,2011,ETH,2.965,87.811,93149977.0,7.355,train
Ethiopia,2012,ETH,3.018,90.908,95798771.0,7.988,train
Ethiopia,2013,ETH,2.911,93.758,98438752.0,9.744,train
Ethiopia,2014,ETH,2.474,96.784,101115615.0,11.543,train
Ethiopia,2015,ETH,2.159,99.044,103867140.0,12.564,train
Ethiopia,2016,ETH,2.031,101.823,106718163.0,14.323,train
Ethiopia,2017,ETH,1.952,104.021,109666482.0,14.603,train
Ethiopia,2018,ETH,1.851,106.029,112664157.0,16.117,train
Ethiopia,2019,ETH,1.989,113.102,115737384.0,17.177,train
Ethiopia,2020,ETH,2.051,118.374,118917670.0,16.735,train
Ethiopia,2021,ETH,1.892,114.622,122138588.0,17.906,train
Ethiopia,2022,ETH,1.865,116.431,125384285.0,16.96,train
Ethiopia,2023,ETH,1.876,118.695,128691695.0,17.571,train
Ethiopia,2024,ETH,1.871,119.017,132059770.0,17.837,train
Fiji,2000,FJI,2.981,1.07,840913.0,0.815,train
Fiji,2001,FJI,3.054,1.087,849606.0,1.004,train
Fiji,2002,FJI,2.614,1.057,858057.0,0.835,train
Fiji,2003,FJI,2.647,1.057,866297.0,0.993,train
Fiji,2004,FJI,2.907,1.062,874369.0,1.301,train
Fiji,2005,FJI,2.534,1.069,882384.0,1.022,train
Fiji,2006,FJI,2.848,1.074,890370.0,1.15,train
Fiji,2007,FJI,3.758,1.077,897843.0,1.085,train
Fiji,2008,FJI,2.03,1.086,903403.0,0.791,train
Fiji,2009,FJI,1.865,1.08,907248.0,0.703,train
Fiji,2010,FJI,2.29,1.08,910427.0,1.03,train
Fiji,2011,FJI,2.197,1.08,912991.0,0.931,train
Fiji,2012,FJI,2.192,1.086,914920.0,0.909,train
Fiji,2013,FJI,2.832,1.105,916359.0,1.037,train
Fiji,2014,FJI,2.008,0.73,917589.0,1.18,train
Fiji,2015,FJI,2.792,0.726,918585.0,1.462,train
Fiji,2016,FJI,2.639,0.736,919167.0,1.345,train
Fiji,2017,FJI,2.289,0.771,918762.0,1.455,train
Fiji,2018,FJI,2.823,0.782,917185.0,1.48,train
Fiji,2019,FJI,2.509,0.867,914906.0,1.509,train
Fiji,2020,FJI,2.462,0.807,914971.0,1.37,train
Fiji,2021,FJI,2.345,0.762,916718.0,1.088,train
Fiji,2022,FJI,2.277,0.794,919428.0,1.389,train
Fiji,2023,FJI,1.383,0.799,924150.0,1.382,train
Fiji,2024,FJI,1.408,0.762,928800.0,1.445,train
Finland,2000,FIN,17.333,10.611,5176197.0,57.017,train
Finland,2001,FIN,18.658,10.263,5187970.0,62.52,train
Finland,2002,FIN,19.392,10.039,5200548.0,65.049,train
Finland,2003,FIN,21.024,9.741,5212958.0,72.658,train
Finland,2004,FIN,20.407,9.507,5228147.0,68.946,train
Finland,2005,FIN,18.105,8.865,5246078.0,57.064,train
Finland,2006,FIN,20.052,9.311,5266248.0,68.374,train
Finland,2007,FIN,19.987,9.035,5288715.0,66.764,train
Finland,2008,FIN,18.248,8.634,5313379.0,58.625,train
Finland,2009,FIN,17.012,8.129,5338854.0,55.921,train
Finland,2010,FIN,18.882,8.585,5363347.0,64.092,train
Finland,2011,FIN,17.206,8.275,5388236.0,56.646,train
Finland,2012,FIN,16.207,8.124,5413978.0,51.154,train
Finland,2013,FIN,16.36,7.981,5439057.0,51.719,train
Finland,2014,FIN,15.762,7.847,5461686.0,47.622,train
Finland,2015,FIN,15.298,7.722,5479719.0,44.192,train
Finland,2016,FIN,16.126,7.665,5495468.0,47.252,train
Finland,2017,FIN,16.142,7.503,5508398.0,44.657,train
Finland,2018,FIN,16.736,7.426,5515730.0,45.736,train
Finland,2019,FIN,16.441,7.283,5521754.0,42.444,train
Finland,2020,FIN,15.492,7.145,5529616.0,37.72,train
Finland,2021,FIN,16.22,7.258,5541069.0,37.82,train
Finland,2022,FIN,16.167,6.434,5569300.0,36.337,train
Finland,2023,FIN,15.68,5.823,5601185.0,31.799,train
Finland,2024,FIN,15.658,5.699,5617311.0,29.775,train
France,2000,FRA,8.122,86.397,59483716.0,407.445,train
France,2001,FRA,7.99,86.257,59905131.0,411.592,train
France,2002,FRA,7.808,84.895,60327247.0,407.027,train
France,2003,FRA,7.85,83.604,60741119.0,412.989,train
France,2004,FRA,7.812,82.771,61175244.0,414.073,train
France,2005,FRA,7.756,81.853,61625031.0,416.343,train
France,2006,FRA,7.517,80.954,62049831.0,406.669,train
France,2007,FRA,7.335,80.865,62432438.0,396.461,train
France,2008,FRA,7.205,81.134,62780187.0,389.794,train
France,2009,FRA,6.863,79.836,63106460.0,371.404,train
France,2010,FRA,6.984,79.801,63417366.0,377.079,train
France,2011,FRA,6.555,77.433,63733776.0,355.127,train
France,2012,FRA,6.648,76.667,64058465.0,358.1,train
France,2013,FRA,6.72,76.53,64387736.0,360.013,train
France,2014,FRA,6.213,75.539,64692495.0,327.809,train
France,2015,FRA,6.28,74.128,64916337.0,332.131,train
France,2016,FRA,6.333,74.133,65086853.0,335.496,train
France,2017,FRA,6.555,73.88,65284775.0,338.368,train
France,2018,FRA,6.093,73.924,65519537.0,323.102,train
France,2019,FRA,6.285,71.514,65729460.0,316.321,train
France,2020,FRA,5.52,68.697,65905273.0,281.515,train
France,2021,FRA,5.865,67.554,66083547.0,307.272,train
France,2022,FRA,5.58,65.721,66277412.0,295.304,train
France,2023,FRA,5.195,64.891,66438828.0,270.263,train
France,2024,FRA,5.077,62.809,66548532.0,264.156,train
Gabon,2000,GAB,30.58,20.282,1275578.0,6.128,train
Gabon,2001,GAB,28.648,20.789,1309594.0,6.48,train
Gabon,2002,GAB,28.199,20.128,1345142.0,6.25,train
Gabon,2003,GAB,29.375,22.284,1382354.0,6.746,train
Gabon,2004,GAB,26.78,20.715,1421620.0,6.386,train
Gabon,2005,GAB,24.373,19.2,1463503.0,6.223,train
Gabon,2006,GAB,21.237,16.254,1508338.0,5.543,train
Gabon,2007,GAB,19.695,13.691,1556242.0,5.038,train
Gabon,2008,GAB,19.665,14.836,1607182.0,5.379,train
Gabon,2009,GAB,18.763,14.218,1661567.0,5.304,train
Gabon,2010,GAB,16.749,14.236,1719883.0,5.528,train
Gabon,2011,GAB,16.422,14.175,1781987.0,5.447,train
Gabon,2012,GAB,15.208,14.011,1846893.0,5.016,train
Gabon,2013,GAB,15.05,13.486,1913061.0,5.19,train
Gabon,2014,GAB,12.903,13.411,1978400.0,5.663,train
Gabon,2015,GAB,14.901,14.048,2040990.0,5.772,train
Gabon,2016,GAB,13.2,13.914,2100310.0,5.613,train
Gabon,2017,GAB,14.465,12.941,2156902.0,5.501,train
Gabon,2018,GAB,11.116,11.755,2212320.0,5.563,train
Gabon,2019,GAB,11.248,13.38,2267711.0,5.607,train
Gabon,2020,GAB,11.302,13.215,2322538.0,5.636,train
Gabon,2021,GAB,10.404,12.358,2376729.0,5.545,train
Gabon,2022,GAB,11.094,13.002,2430750.0,5.783,train
Gabon,2023,GAB,11.187,15.032,2484790.0,5.321,train
Gabon,2024,GAB,10.786,14.324,2538953.0,5.399,train
Gambia,2000,GMB,1.602,0.935,1455095.0,0.275,validation
Gambia,2001,GMB,1.407,0.861,1495023.0,0.3,validation
Gambia,2002,GMB,1.394,0.855,1535700.0,0.3,validation
Gambia,2003,GMB,1.537,0.924,1577619.0,0.3,validation
Gambia,2004,GMB,1.579,0.994,1621309.0,0.319,validation
Gambia,2005,GMB,1.464,1.028,1667035.0,0.319,validation
Gambia,2006,GMB,1.687,1.066,1715285.0,0.348,validation
Gambia,2007,GMB,2.911,1.062,1765778.0,0.348,validation
Gambia,2008,GMB,2.861,1.195,1817859.0,0.363,validation
Gambia,2009,GMB,2.459,1.5,1871428.0,0.374,validation
Gambia,2010,GMB,1.941,1.594,1926634.0,0.432,validation
Gambia,2011,GMB,1.488,1.263,1983785.0,0.443,validation
Gambia,2012,GMB,1.466,1.376,2043097.0,0.451,validation
Gambia,2013,GMB,1.385,1.448,2103825.0,0.429,validation
Gambia,2014,GMB,1.55,1.491,2164535.0,0.506,validation
Gambia,2015,GMB,1.507,1.62,2224530.0,0.583,validation
Gambia,2016,GMB,1.327,1.5,2283775.0,0.59,validation
Gambia,2017,GMB,1.261,1.449,2342191.0,0.597,validation
Gambia,2018,GMB,1.175,1.274,2399633.0,0.649,validation
Gambia,2019,GMB,1.222,1.401,2456847.0,0.711,validation
Gambia,2020,GMB,1.214,1.384,2515744.0,0.7,validation
Gambia,2021,GMB,1.095,1.197,2576015.0,0.725,validation
Gambia,2022,GMB,1.147,1.28,2636472.0,0.808,validation
Gambia,2023,GMB,1.097,1.275,2697846.0,0.773,validation
Gambia,2024,GMB,1.064,1.201,2759999.0,0.803,validation
Georgia,2000,GEO,1.34,3.446,4328361.0,4.497,validation
Georgia,2001,GEO,1.101,3.451,4209641.0,3.723,validation
Georgia,2002,GEO,2.824,3.509,4127854.0,3.347,validation
Georgia,2003,GEO,0.543,3.604,4085489.0,3.731,validation
Georgia,2004,GEO,0.843,3.578,4056076.0,4.278,validation
Georgia,2005,GEO,0.984,3.532,4026135.0,5.046,validation
Georgia,2006,GEO,1.179,3.468,3996584.0,6.273,validation
Georgia,2007,GEO,1.271,3.434,3967592.0,6.609,validation
Georgia,2008,GEO,1.008,3.121,3941192.0,5.747,validation
Georgia,2009,GEO,1.08,3.109,3918935.0,6.171,validation
Georgia,2010,GEO,1.173,3.135,3895932.0,6.29,validation
Georgia,2011,GEO,1.829,3.158,3868724.0,7.814,validation
Georgia,2012,GEO,2.514,3.31,3839208.0,8.294,validation
Georgia,2013,GEO,2.009,3.43,3809128.0,8.028,validation
Georgia,2014,GEO,2.363,3.482,3792921.0,9.058,validation
Georgia,2015,GEO,2.301,3.215,3791570.0,9.791,validation
Georgia,2016,GEO,2.394,3.216,3792061.0,10.043,validation
Georgia,2017,GEO,2.274,3.188,3792860.0,10.06,validation
Georgia,2018,GEO,2.145,3.12,3794881.0,9.888,validation
Georgia,2019,GEO,2.44,3.086,3796722.0,10.517,validation
Georgia,2020,GEO,2.635,3.078,3795680.0,10.378,validation
Georgia,2021,GEO,2.84,3.161,3788450.0,10.75,validation
Georgia,2022,GEO,3.253,3.193,3794782.0,12.0,validation
Georgia,2023,GEO,3.315,3.216,3807494.0,11.922,validation
Georgia,2024,GEO,3.264,3.259,3807668.0,11.784,validation
Germany,2000,DEU,12.743,100.75,81797255.0,898.976,validation
Germany,2001,DEU,12.854,96.953,81933882.0,915.255,validation
Germany,2002,DEU,12.6,93.47,82068328.0,898.834,validation
Germany,2003,DEU,12.512,90.241,82111619.0,894.501,validation
Germany,2004,DEU,12.269,87.161,82092706.0,876.57,validation
Germany,2005,DEU,12.119,84.118,82046733.0,867.88,validation
Germany,2006,DEU,12.363,81.356,81701971.0,886.434,validation
Germany,2007,DEU,11.964,81.571,81298546.0,846.153,validation
Germany,2008,DEU,12.07,79.662,81110780.0,856.643,validation
Germany,2009,DEU,11.192,77.142,80935276.0,789.984,validation
Germany,2010,DEU,11.683,76.001,80830916.0,826.705,validation
Germany,2011,DEU,11.342,74.456,80857877.0,804.542,validation
Germany,2012,DEU,11.473,73.017,80916391.0,814.093,validation
Germany,2013,DEU,11.675,71.534,81041581.0,831.746,validation
Germany,2014,DEU,11.13,70.317,81376078.0,792.584,validation
Germany,2015,DEU,11.101,69.267,82077546.0,800.823,validation
Germany,2016,DEU,10.962,67.725,82760102.0,797.988,validation
Germany,2017,DEU,10.728,67.433,83104010.0,784.595,validation
Germany,2018,DEU,10.306,65.036,83368507.0,758.771,validation
Germany,2019,DEU,9.67,63.043,83559184.0,708.649,validation
Germany,2020,DEU,8.894,61.045,83628711.0,647.177,validation
Germany,2021,DEU,9.257,60.245,83697080.0,677.998,validation
Germany,2022,DEU,9.036,58.913,84086227.0,667.843,validation
Germany,2023,DEU,8.085,57.44,84548233.0,593.766,validation
Germany,2024,DEU,7.802,56.136,84552234.0,572.319,validation
Ghana,2000,GHA,2.06,9.468,19637085.0,5.313,test
Ghana,2001,GHA,1.955,8.627,20167073.0,5.969,test
Ghana,2002,GHA,1.909,8.652,20729392.0,6.483,test
Ghana,2003,GHA,1.953,9.076,21296710.0,6.685,test
Ghana,2004,GHA,1.747,9.07,21868298.0,6.451,test
Ghana,2005,GHA,1.803,9.908,22449446.0,6.113,test
Ghana,2006,GHA,1.816,9.915,23040704.0,8.523,test
Ghana,2007,GHA,1.856,9.745,23642284.0,8.982,test
Ghana,2008,GHA,1.799,11.562,24249945.0,8.324,test
Ghana,2009,GHA,1.703,10.97,24862667.0,6.868,test
Ghana,2010,GHA,1.785,11.051,25475000.0,8.943,test
Ghana,2011,GHA,1.89,13.453,26095091.0,10.329,test
Ghana,2012,GHA,1.889,13.298,26734273.0,12.641,test
Ghana,2013,GHA,1.921,14.567,27386193.0,12.61,test
Ghana,2014,GHA,1.893,14.968,28041592.0,13.257,test
Ghana,2015,GHA,1.874,15.287,28696071.0,14.568,test
Ghana,2016,GHA,1.813,15.051,29356736.0,13.914,test
Ghana,2017,GHA,1.767,17.157,30008364.0,12.437,test
Ghana,2018,GHA,1.767,17.282,30637592.0,15.19,test
Ghana,2019,GHA,1.773,18.786,31258943.0,16.415,test
Ghana,2020,GHA,1.7,19.632,31887802.0,19.164,test
Ghana,2021,GHA,1.509,17.524,32518662.0,20.556,test
Ghana,2022,GHA,1.544,19.25,33149152.0,20.745,test
Ghana,2023,GHA,1.512,19.85,33787916.0,20.136,test
Ghana,2024,GHA,1.511,19.532,34427417.0,21.022,test
Greece,2000,GRC,11.243,14.516,10782638.0,102.973,train
Greece,2001,GRC,11.291,13.884,10843166.0,105.361,train
Greece,2002,GRC,11.22,14.141,10890287.0,105.0,train
Greece,2003,GRC,11.474,14.327,10918467.0,109.067,train
Greece,2004,GRC,11.543,14.608,10947369.0,109.485,train
Greece,2005,GRC,11.836,14.879,10981340.0,113.889,train
Greece,2006,GRC,11.635,15.069,11016107.0,112.419,train
Greece,2007,GRC,11.845,15.128,11045737.0,114.545,train
Greece,2008,GRC,11.481,15.03,11076874.0,111.08,train
Greece,2009,GRC,10.866,14.612,11108067.0,104.319,train
Greece,2010,GRC,10.13,14.156,11124666.0,97.354,train
Greece,2011,GRC,9.85,13.899,11108838.0,94.505,train
Greece,2012,GRC,9.551,13.714,11048291.0,91.393,train
Greece,2013,GRC,8.299,13.051,10967534.0,81.713,train
Greece,2014,GRC,8.128,12.916,10893169.0,78.636,train
Greece,2015,GRC,7.643,12.642,10820902.0,74.927,train
Greece,2016,GRC,7.169,12.355,10775506.0,71.36,train
Greece,2017,GRC,7.468,12.504,10753532.0,74.842,train
Greece,2018,GRC,8.196,12.092,10730846.0,71.778,train
Greece,2019,GRC,6.545,11.791,10718581.0,65.736,train
Greece,2020,GRC,5.784,11.023,10699370.0,55.577,train
Greece,2021,GRC,5.997,10.904,10579561.0,57.528,train
Greece,2022,GRC,5.987,10.601,10412481.0,57.609,train
Greece,2023,GRC,5.465,10.312,10242910.0,51.988,train
Greece,2024,GRC,5.652,9.912,10047813.0,53.361,train
Grenada,2000,GRD,2.696,0.041,107466.0,0.187,train
Grenada,2001,GRD,2.283,0.041,107998.0,0.194,train
Grenada,2002,GRD,2.095,0.041,108414.0,0.202,train
Grenada,2003,GRD,2.144,0.042,108895.0,0.213,train
Grenada,2004,GRD,1.759,0.042,109338.0,0.205,train
Grenada,2005,GRD,1.872,0.042,109744.0,0.216,train
Grenada,2006,GRD,1.981,0.043,110149.0,0.224,train
Grenada,2007,GRD,2.088,0.043,110532.0,0.238,train
Grenada,2008,GRD,2.978,0.043,110911.0,0.26,train
Grenada,2009,GRD,2.516,0.043,111266.0,0.249,train
Grenada,2010,GRD,2.472,0.043,111600.0,0.256,train
Grenada,2011,GRD,2.169,0.043,112093.0,0.249,train
Grenada,2012,GRD,2.324,0.043,112792.0,0.267,train
Grenada,2013,GRD,2.629,0.043,113499.0,0.3,train
Grenada,2014,GRD,2.107,0.044,114148.0,0.242,train
Grenada,2015,GRD,2.263,0.044,114691.0,0.26,train
Grenada,2016,GRD,2.429,0.045,115147.0,0.275,train
Grenada,2017,GRD,2.606,0.045,115448.0,0.293,train
Grenada,2018,GRD,2.741,0.046,115703.0,0.308,train
Grenada,2019,GRD,3.02,0.047,115995.0,0.333,train
Grenada,2020,GRD,2.638,0.047,116353.0,0.289,train
Grenada,2021,GRD,2.833,0.048,116696.0,0.311,train
Grenada,2022,GRD,3.12,0.048,116928.0,0.342,train
Grenada,2023,GRD,3.31,0.049,117094.0,0.363,train
Grenada,2024,GRD,3.444,0.049,117218.0,0.377,train
Guatemala,2000,GTM,7.351,9.598,11697592.0,9.742,test
Guatemala,2001,GTM,7.356,9.892,11969423.0,10.147,test
Guatemala,2002,GTM,7.629,10.551,12246923.0,10.694,test
Guatemala,2003,GTM,5.877,10.517,12525843.0,10.411,test
Guatemala,2004,GTM,4.567,10.795,12807409.0,11.056,test
Guatemala,2005,GTM,4.525,11.24,13087637.0,12.038,test
Guatemala,2006,GTM,5.602,11.464,13367455.0,12.176,test
Guatemala,2007,GTM,5.128,12.014,13652042.0,12.117,test
Guatemala,2008,GTM,4.375,12.437,13935172.0,10.735,test
Guatemala,2009,GTM,4.166,12.955,14215614.0,11.725,test
Guatemala,2010,GTM,3.745,13.397,14500118.0,10.817,test
Guatemala,2011,GTM,3.538,13.525,14792123.0,10.979,test
Guatemala,2012,GTM,3.347,13.893,15089639.0,11.347,test
Guatemala,2013,GTM,3.83,14.237,15387339.0,12.493,test
Guatemala,2014,GTM,5.159,14.731,15681725.0,13.425,test
Guatemala,2015,GTM,4.764,15.147,15971745.0,15.449,test
Guatemala,2016,GTM,4.288,15.624,16268761.0,16.524,test
Guatemala,2017,GTM,4.091,16.055,16567363.0,16.993,test
Guatemala,2018,GTM,4.096,16.388,16845688.0,18.338,test
Guatemala,2019,GTM,4.077,16.741,17103803.0,19.259,test
Guatemala,2020,GTM,3.565,17.113,17357331.0,17.157,test
Guatemala,2021,GTM,3.572,17.485,17598652.0,19.984,test
Guatemala,2022,GTM,3.535,17.809,17847877.0,18.913,test
Guatemala,2023,GTM,3.653,17.993,18124841.0,19.736,test
Guatemala,2024,GTM,3.568,18.388,18406366.0,19.88,test
Guinea,2000,GIN,4.308,9.481,8428837.0,1.444,train
Guinea,2001,GIN,4.262,9.71,8539963.0,1.517,train
Guinea,2002,GIN,4.27,10.419,8674072.0,1.579,train
Guinea,2003,GIN,4.455,10.61,8870790.0,1.652,train
Guinea,2004,GIN,3.848,10.738,9062724.0,1.722,train
Guinea,2005,GIN,4.358,11.639,9245844.0,1.784,train
Guinea,2006,GIN,4.964,11.88,9441174.0,1.847,train
Guinea,2007,GIN,5.399,12.13,9662278.0,1.927,train
Guinea,2008,GIN,4.219,12.615,9898870.0,1.964,train
Guinea,2009,GIN,8.988,12.936,10143540.0,2.092,train
Guinea,2010,GIN,7.091,14.894,10396090.0,2.459,train
Guinea,2011,GIN,9.381,15.602,10656812.0,2.557,train
Guinea,2012,GIN,7.387,16.418,10921580.0,2.393,train
Guinea,2013,GIN,8.634,16.717,11191874.0,2.077,train
Guinea,2014,GIN,8.28,17.032,11472921.0,2.371,train
Guinea,2015,GIN,6.768,17.178,11767077.0,2.454,train
Guinea,2016,GIN,7.194,18.504,12073031.0,2.7,train
Guinea,2017,GIN,7.085,18.703,12385668.0,4.847,train
Guinea,2018,GIN,5.462,18.842,12704776.0,3.77,train
Guinea,2019,GIN,6.651,19.325,13034349.0,4.104,train
Guinea,2020,GIN,6.178,19.68,13371185.0,4.43,train
Guinea,2021,GIN,5.42,19.65,13710515.0,4.068,train
Guinea,2022,GIN,5.467,20.619,14055136.0,4.052,train
Guinea,2023,GIN,5.446,21.231,14405469.0,3.875,train
Guinea,2024,GIN,5.322,21.527,14754779.0,4.026,train
Guinea-Bissau,2000,GNB,5.45,1.455,1234747.0,0.051,train
Guinea-Bissau,2001,GNB,4.135,1.577,1261281.0,0.048,train
Guinea-Bissau,2002,GNB,3.712,1.614,1289317.0,0.062,train
Guinea-Bissau,2003,GNB,4.083,1.632,1318809.0,0.073,train
Guinea-Bissau,2004,GNB,3.792,1.609,1349569.0,0.044,train
Guinea-Bissau,2005,GNB,3.77,1.619,1381590.0,0.092,train
Guinea-Bissau,2006,GNB,3.826,1.722,1415315.0,0.117,train
Guinea-Bissau,2007,GNB,3.768,1.733,1450989.0,0.084,train
Guinea-Bissau,2008,GNB,3.382,1.716,1488059.0,0.117,train
Guinea-Bissau,2009,GNB,4.066,1.796,1526384.0,0.099,train
Guinea-Bissau,2010,GNB,3.5,1.852,1566352.0,0.103,train
Guinea-Bissau,2011,GNB,3.295,1.837,1608084.0,0.11,train
Guinea-Bissau,2012,GNB,3.192,1.939,1651425.0,0.114,train
Guinea-Bissau,2013,GNB,3.12,1.936,1695980.0,0.143,train
Guinea-Bissau,2014,GNB,3.084,1.885,1741126.0,0.143,train
Guinea-Bissau,2015,GNB,3.524,1.963,1786461.0,0.154,train
Guinea-Bissau,2016,GNB,2.996,1.951,1831898.0,0.169,train
Guinea-Bissau,2017,GNB,3.405,1.958,1877074.0,0.183,train
Guinea-Bissau,2018,GNB,3.924,2.008,1922167.0,0.198,train
Guinea-Bissau,2019,GNB,3.606,2.034,1967704.0,0.256,train
Guinea-Bissau,2020,GNB,3.818,2.034,2013259.0,0.311,train
Guinea-Bissau,2021,GNB,3.276,2.009,2058841.0,0.341,train
Guinea-Bissau,2022,GNB,3.596,2.074,2105535.0,0.344,train
Guinea-Bissau,2023,GNB,3.673,2.091,2153343.0,0.329,train
Guinea-Bissau,2024,GNB,3.697,2.094,2201360.0,0.342,train
Guyana,2000,GUY,16.494,1.537,764836.0,1.748,validation
Guyana,2001,GUY,12.963,1.596,764484.0,1.74,validation
Guyana,2002,GUY,12.679,1.471,763657.0,1.711,validation
Guyana,2003,GUY,26.626,1.658,763107.0,1.869,validation
Guyana,2004,GUY,19.997,1.54,762424.0,1.927,validation
Guyana,2005,GUY,13.89,1.455,760922.0,1.616,validation
Guyana,2006,GUY,14.166,1.417,758976.0,1.51,validation
Guyana,2007,GUY,13.042,1.455,756874.0,1.781,validation
Guyana,2008,GUY,11.788,1.541,754614.0,1.704,validation
Guyana,2009,GUY,11.991,1.594,752097.0,1.905,validation
Guyana,2010,GUY,10.041,1.645,749259.0,1.883,validation
Guyana,2011,GUY,10.261,1.717,746161.0,1.957,validation
Guyana,2012,GUY,12.242,1.75,746296.0,1.957,validation
Guyana,2013,GUY,10.745,1.905,750020.0,1.902,validation
Guyana,2014,GUY,13.783,2.065,754231.0,1.975,validation
Guyana,2015,GUY,15.232,2.13,758783.0,1.964,validation
Guyana,2016,GUY,8.183,1.811,763553.0,2.209,validation
Guyana,2017,GUY,10.03,1.979,768483.0,2.158,validation
Guyana,2018,GUY,8.398,1.921,791563.0,2.319,validation
Guyana,2019,GUY,11.731,2.016,807668.0,2.645,validation
Guyana,2020,GUY,14.396,2.577,807486.0,3.1,validation
Guyana,2021,GUY,12.465,2.632,815484.0,2.933,validation
Guyana,2022,GUY,15.577,3.5,821638.0,4.397,validation
Guyana,2023,GUY,15.472,3.374,826357.0,4.379,validation
Guyana,2024,GUY,16.109,3.912,831092.0,4.51,validation
Haiti,2000,HTI,1.456,7.186,8303151.0,1.634,test
Haiti,2001,HTI,1.38,7.25,8455917.0,1.466,test
Haiti,2002,HTI,1.352,7.316,8607648.0,1.778,test
Haiti,2003,HTI,1.343,7.376,8759913.0,1.692,test
Haiti,2004,HTI,2.369,7.447,8910267.0,1.643,test
Haiti,2005,HTI,2.394,7.569,9061274.0,1.715,test
Haiti,2006,HTI,1.859,7.671,9216569.0,1.746,test
Haiti,2007,HTI,1.774,7.82,9373300.0,1.766,test
Haiti,2008,HTI,2.105,7.931,9530782.0,1.754,test
Haiti,2009,HTI,3.128,8.089,9689585.0,1.881,test
Haiti,2010,HTI,2.499,8.22,9803299.0,2.129,test
Haiti,2011,HTI,2.27,8.404,9914904.0,2.272,test
Haiti,2012,HTI,2.202,8.58,10069770.0,2.262,test
Haiti,2013,HTI,1.792,8.62,10222365.0,2.703,test
Haiti,2014,HTI,1.666,8.643,10373241.0,2.698,test
Haiti,2015,HTI,1.54,8.707,10523249.0,2.654,test
Haiti,2016,HTI,1.512,8.889,10671462.0,2.977,test
Haiti,2017,HTI,1.415,8.918,10817759.0,3.133,test
Haiti,2018,HTI,1.147,9.22,10962373.0,3.401,test
Haiti,2019,HTI,1.117,9.05,11105165.0,3.119,test
Haiti,2020,HTI,1.153,8.906,11243846.0,3.265,test
Haiti,2021,HTI,1.17,8.875,11374592.0,3.507,test
Haiti,2022,HTI,1.064,8.975,11503603.0,2.87,test
Haiti,2023,HTI,1.053,8.976,11637402.0,2.865,test
Haiti,2024,HTI,1.008,8.933,11772562.0,2.971,test
Honduras,2000,HND,2.961,5.133,6577781.0,5.032,train
Honduras,2001,HND,3.83,5.299,6757992.0,5.665,train
Honduras,2002,HND,4.874,5.742,6938866.0,5.945,train
Honduras,2003,HND,3.887,6.538,7119213.0,6.687,train
Honduras,2004,HND,2.899,6.538,7299003.0,7.194,train
Honduras,2005,HND,2.6,6.854,7478362.0,6.835,train
Honduras,2006,HND,2.832,6.8,7656832.0,7.698,train
Honduras,2007,HND,3.009,6.959,7834806.0,8.216,train
Honduras,2008,HND,3.102,7.125,8012590.0,8.533,train
Honduras,2009,HND,3.993,7.433,8189904.0,8.03,train
Honduras,2010,HND,3.829,7.561,8365881.0,8.107,train
Honduras,2011,HND,4.047,7.719,8540587.0,8.857,train
Honduras,2012,HND,3.443,7.824,8715081.0,9.108,train
Honduras,2013,HND,3.339,8.006,8889276.0,9.328,train
Honduras,2014,HND,3.054,8.146,9063127.0,9.503,train
Honduras,2015,HND,3.742,8.278,9237306.0,10.898,train
Honduras,2016,HND,4.112,8.391,9412380.0,9.939,train
Honduras,2017,HND,3.754,8.238,9588144.0,10.198,train
Honduras,2018,HND,3.082,8.469,9765209.0,9.876,train
Honduras,2019,HND,3.274,8.571,9943637.0,10.963,train
Honduras,2020,HND,3.31,8.802,10119638.0,9.977,train
Honduras,2021,HND,2.914,8.715,10289881.0,11.06,train
Honduras,2022,HND,3.096,8.809,10463880.0,11.742,train
Honduras,2023,HND,3.156,8.9,10644853.0,12.404,train
Honduras,2024,HND,3.19,8.958,10825704.0,12.855,train
Hong Kong,2000,HKG,6.66,4.129,6704665.0,39.765,validation
Hong Kong,2001,HKG,6.212,4.123,6774243.0,37.289,validation
Hong Kong,2002,HKG,6.41,4.128,6821412.0,39.003,validation
Hong Kong,2003,HKG,6.925,4.151,6858906.0,42.733,validation
Hong Kong,2004,HKG,6.659,4.2,6888164.0,41.158,validation
Hong Kong,2005,HKG,6.967,4.264,6908483.0,43.334,validation
Hong Kong,2006,HKG,6.747,4.323,6931089.0,41.915,validation
Hong Kong,2007,HKG,6.956,4.374,6971344.0,43.572,validation
Hong Kong,2008,HKG,6.801,4.411,7020689.0,42.794,validation
Hong Kong,2009,HKG,6.599,4.427,7064464.0,41.583,validation
Hong Kong,2010,HKG,6.352,4.485,7101614.0,40.063,validation
Hong Kong,2011,HKG,6.758,4.536,7142969.0,43.15,validation
Hong Kong,2012,HKG,6.651,4.567,7201059.0,42.738,validation
Hong Kong,2013,HKG,6.811,4.608,7264330.0,44.31,validation
Hong Kong,2014,HKG,6.929,4.652,7319502.0,45.492,validation
Hong Kong,2015,HKG,6.469,4.684,7366411.0,42.404,validation
Hong Kong,2016,HKG,6.572,4.728,7408006.0,43.366,validation
Hong Kong,2017,HKG,6.425,4.788,7444889.0,42.431,validation
Hong Kong,2018,HKG,6.431,4.842,7471190.0,42.597,validation
Hong Kong,2019,HKG,6.333,4.894,7485817.0,41.897,validation
Hong Kong,2020,HKG,5.207,4.948,7490240.0,33.513,validation
Hong Kong,2021,HKG,5.231,4.995,7484604.0,33.637,validation
Hong Kong,2022,HKG,4.859,5.042,7465913.0,30.764,validation
Hong Kong,2023,HKG,5.181,5.1,7442738.0,32.957,validation
Hong Kong,2024,HKG,5.248,5.148,7414914.0,33.324,validation
Hungary,2000,HUN,7.151,11.524,10190598.0,58.244,validation
Hungary,2001,HUN,7.292,11.196,10166693.0,59.828,validation
Hungary,2002,HUN,7.209,10.992,10138461.0,58.842,validation
Hungary,2003,HUN,7.542,10.885,10108970.0,61.611,validation
Hungary,2004,HUN,7.426,10.645,10085788.0,59.985,validation
Hungary,2005,HUN,7.453,11.06,10065703.0,60.142,validation
Hungary,2006,HUN,7.412,11.047,10049946.0,59.529,validation
Hungary,2007,HUN,7.275,10.794,10034084.0,58.449,validation
Hungary,2008,HUN,7.08,10.382,10016653.0,57.184,validation
Hungary,2009,HUN,6.194,10.114,10001381.0,51.458,validation
Hungary,2010,HUN,6.207,9.824,9979128.0,51.993,validation
Hungary,2011,HUN,6.115,9.706,9946675.0,50.156,validation
Hungary,2012,HUN,5.707,9.637,9916621.0,46.72,validation
Hungary,2013,HUN,5.505,9.527,9889344.0,43.487,validation
Hungary,2014,HUN,5.556,9.187,9862843.0,43.639,validation
Hungary,2015,HUN,5.941,9.062,9839211.0,46.567,validation
Hungary,2016,HUN,6.032,8.86,9810529.0,47.039,validation
Hungary,2017,HUN,6.253,9.031,9785608.0,49.424,validation
Hungary,2018,HUN,6.241,9.073,9774395.0,49.366,validation
Hungary,2019,HUN,5.788,9.207,9770346.0,49.159,validation
Hungary,2020,HUN,6.137,9.415,9749459.0,47.105,validation
Hungary,2021,HUN,6.197,9.489,9707848.0,48.326,validation
Hungary,2022,HUN,5.589,9.355,9684308.0,45.267,validation
Hungary,2023,HUN,5.023,9.429,9686465.0,40.344,validation
Hungary,2024,HUN,4.91,9.494,9676135.0,40.017,validation
Iceland,2000,ISL,14.89,0.614,281293.0,2.933,test
Iceland,2001,ISL,14.352,0.62,285058.0,2.865,test
Iceland,2002,ISL,14.639,0.612,287609.0,2.992,test
Iceland,2003,ISL,14.444,0.61,289616.0,2.985,test
Iceland,2004,ISL,14.742,0.612,292172.0,3.107,test
Iceland,2005,ISL,14.387,0.673,296852.0,2.976,test
Iceland,2006,ISL,14.459,0.677,303883.0,3.154,test
Iceland,2007,ISL,15.147,0.656,311662.0,3.494,test
Iceland,2008,ISL,15.931,0.663,317519.0,3.811,test
Iceland,2009,ISL,15.358,0.642,318619.0,3.73,test
Iceland,2010,ISL,17.673,0.637,318163.0,3.627,test
Iceland,2011,ISL,14.727,0.612,319139.0,3.503,test
Iceland,2012,ISL,14.743,0.587,320851.0,3.499,test
Iceland,2013,ISL,14.437,0.579,323891.0,3.489,test
Iceland,2014,ISL,14.263,0.601,327517.0,3.445,test
Iceland,2015,ISL,14.518,0.628,330962.0,3.541,test
Iceland,2016,ISL,14.233,0.65,335571.0,3.494,test
Iceland,2017,ISL,14.465,0.683,343537.0,3.611,test
Iceland,2018,ISL,14.221,0.686,352860.0,3.665,test
Iceland,2019,ISL,13.53,0.657,360709.0,3.553,test
Iceland,2020,ISL,12.589,0.606,366626.0,3.339,test
Iceland,2021,ISL,12.798,0.602,372647.0,3.491,test
Iceland,2022,ISL,12.835,0.595,380368.0,3.598,test
Iceland,2023,ISL,12.322,0.578,387559.0,3.508,test
Iceland,2024,ISL,12.854,0.557,393404.0,3.803,test
India,2000,IND,1.896,685.316,1057922731.0,987.065,test
India,2001,IND,1.856,689.962,1077898579.0,1001.198,test
India,2002,IND,1.817,683.408,1097600380.0,1032.75,test
India,2003,IND,1.844,695.315,1116803000.0,1068.398,test
India,2004,IND,1.874,705.392,1135991509.0,1134.611,test
India,2005,IND,1.91,721.894,1154676321.0,1195.393,test
India,2006,IND,1.982,733.283,1172878888.0,1293.321,test
India,2007,IND,2.088,749.827,1190676028.0,1393.485,test
India,2008,IND,2.187,764.115,1207930960.0,1490.366,test
India,2009,IND,2.234,762.322,1225524764.0,1613.328,test
India,2010,IND,2.29,769.342,1243481565.0,1678.53,test
India,2011,IND,2.339,781.037,1261224956.0,1765.695,test
India,2012,IND,2.474,783.911,1278674501.0,1926.986,test
India,2013,IND,2.411,758.221,1295829507.0,1995.337,test
India,2014,IND,2.451,765.858,1312277184.0,2148.052,test
India,2015,IND,2.478,773.451,1328024494.0,2231.817,test
India,2016,IND,2.504,781.626,1343944296.0,2352.54,test
India,2017,IND,2.512,786.601,1359657398.0,2425.722,test
India,2018,IND,2.631,800.125,1374659067.0,2595.227,test
India,2019,IND,2.601,800.179,1389030307.0,2611.175,test
India,2020,IND,2.45,807.835,1402617694.0,2422.732,test
India,2021,IND,2.615,821.053,1414203896.0,2675.778,test
India,2022,IND,2.715,835.674,1425423209.0,2831.132,test
India,2023,IND,2.866,847.637,1438069597.0,3062.756,test
India,2024,IND,2.938,859.294,1450935785.0,3193.478,test
Indonesia,2000,IDN,5.788,199.062,216077789.0,281.054,validation
Indonesia,2001,IDN,5.331,201.118,219097905.0,316.759,validation
Indonesia,2002,IDN,6.674,199.735,222088499.0,308.201,validation
Indonesia,2003,IDN,5.162,201.292,225048005.0,339.024,validation
Indonesia,2004,IDN,5.651,205.566,227926649.0,342.709,validation
Indonesia,2005,IDN,5.274,209.288,230871648.0,347.361,validation
Indonesia,2006,IDN,7.946,221.061,233951650.0,346.366,validation
Indonesia,2007,IDN,5.721,224.719,237062338.0,387.577,validation
Indonesia,2008,IDN,6.176,229.503,240157902.0,365.384,validation
Indonesia,2009,IDN,7.627,242.077,243220024.0,398.624,validation
Indonesia,2010,IDN,6.695,247.332,246305327.0,445.37,validation
Indonesia,2011,IDN,7.342,288.165,249470029.0,500.458,validation
Indonesia,2012,IDN,7.616,300.722,252698525.0,515.77,validation
Indonesia,2013,IDN,7.733,299.584,255852464.0,493.435,validation
Indonesia,2014,IDN,8.282,308.06,258877395.0,498.029,validation
Indonesia,2015,IDN,10.011,298.367,261799249.0,551.16,validation
Indonesia,2016,IDN,6.617,300.969,264627429.0,547.969,validation
Indonesia,2017,IDN,6.453,320.719,267346654.0,570.928,validation
Indonesia,2018,IDN,6.717,352.425,269951847.0,607.378,validation
Indonesia,2019,IDN,7.758,365.884,272489381.0,665.049,validation
Indonesia,2020,IDN,6.279,351.989,274814861.0,623.304,validation
Indonesia,2021,IDN,6.374,351.41,276758056.0,632.946,validation
Indonesia,2022,IDN,6.499,386.071,278830527.0,758.021,validation
Indonesia,2023,IDN,6.902,412.805,281190068.0,762.358,validation
Indonesia,2024,IDN,6.711,412.009,283487933.0,812.22,validation
Iran,2000,IRN,7.914,131.09,66418661.0,367.213,train
Iran,2001,IRN,7.998,121.263,67452005.0,389.912,train
Iran,2002,IRN,8.049,121.109,68011318.0,397.031,train
Iran,2003,IRN,8.555,145.163,68769343.0,410.967,train
Iran,2004,IRN,8.819,141.749,70256316.0,442.119,train
Iran,2005,IRN,9.123,149.683,71828455.0,466.795,train
Iran,2006,IRN,9.097,156.833,73392747.0,501.015,train
Iran,2007,IRN,9.033,148.203,74602648.0,507.771,train
Iran,2008,IRN,9.134,146.494,75514201.0,528.528,train
Iran,2009,IRN,9.229,147.998,76457831.0,543.406,train
Iran,2010,IRN,9.405,153.207,77420851.0,561.496,train
Iran,2011,IRN,9.424,152.86,78383602.0,576.366,train
Iran,2012,IRN,9.388,135.664,79370583.0,599.278,train
Iran,2013,IRN,9.439,135.631,80414689.0,609.997,train
Iran,2014,IRN,9.67,134.398,81502045.0,644.228,train
Iran,2015,IRN,9.552,136.315,82619365.0,641.959,train
Iran,2016,IRN,9.789,165.76,83812230.0,644.68,train
Iran,2017,IRN,10.296,169.524,85026761.0,696.407,train
Iran,2018,IRN,10.183,162.663,86117999.0,664.523,train
Iran,2019,IRN,10.389,137.175,87051649.0,727.269,train
Iran,2020,IRN,10.414,132.591,87723448.0,745.596,train
Iran,2021,IRN,10.837,146.319,88455490.0,779.525,train
Iran,2022,IRN,10.7,151.459,89524247.0,767.178,train
Iran,2023,IRN,11.05,167.664,90608708.0,789.676,train
Iran,2024,IRN,11.054,170.996,91567737.0,792.631,train
Iraq,2000,IRQ,6.5,74.244,24424060.0,83.722,train
Iraq,2001,IRQ,7.128,75.548,25197842.0,96.802,train
Iraq,2002,IRQ,6.575,67.887,26006558.0,97.09,train
Iraq,2003,IRQ,6.292,64.608,26802660.0,101.424,train
Iraq,2004,IRQ,7.074,76.049,27577876.0,113.016,train
Iraq,2005,IRQ,6.855,71.887,28407450.0,114.282,train
Iraq,2006,IRQ,6.362,73.952,28616518.0,98.838,train
Iraq,2007,IRQ,4.604,70.744,28391606.0,61.361,train
Iraq,2008,IRQ,5.728,75.115,28971042.0,94.335,train
Iraq,2009,IRQ,6.508,83.987,30058207.0,105.211,train
Iraq,2010,IRQ,6.996,92.385,31045367.0,113.983,train
Iraq,2011,IRQ,7.229,101.034,32161425.0,123.526,train
Iraq,2012,IRQ,7.717,113.075,33654843.0,134.04,train
Iraq,2013,IRQ,7.733,113.302,35281987.0,141.704,train
Iraq,2014,IRQ,7.385,119.226,36550058.0,137.513,train
Iraq,2015,IRQ,7.526,130.458,37560535.0,142.53,train
Iraq,2016,IRQ,8.433,161.899,38469628.0,153.132,train
Iraq,2017,IRQ,8.658,164.036,39337358.0,167.472,train
Iraq,2018,IRQ,8.988,167.254,40265629.0,186.156,train
Iraq,2019,IRQ,9.091,173.757,41192172.0,191.778,train
Iraq,2020,IRQ,7.902,152.015,42116602.0,172.098,train
Iraq,2021,IRQ,8.195,151.58,43071208.0,193.115,train
Iraq,2022,IRQ,8.874,164.97,44070556.0,217.644,train
Iraq,2023,IRQ,8.79,159.692,45074055.0,227.91,train
Iraq,2024,IRQ,8.647,156.213,46042015.0,233.635,train
Ireland,2000,IRL,21.46,22.375,3802589.0,45.25,train
Ireland,2001,IRL,22.156,22.753,3862981.0,47.608,train
Ireland,2002,IRL,21.151,22.497,3928441.0,46.081,train
Ireland,2003,IRL,20.479,22.791,3992935.0,45.684,train
Ireland,2004,IRL,19.86,21.088,4066066.0,46.167,train
Ireland,2005,IRL,19.693,20.242,4155283.0,48.153,train
Ireland,2006,IRL,18.863,20.439,4268775.0,47.597,train
Ireland,2007,IRL,21.129,19.036,4393518.0,47.658,train
Ireland,2008,IRL,18.683,18.457,4485992.0,47.361,train
Ireland,2009,IRL,16.878,17.854,4533750.0,42.177,train
Ireland,2010,IRL,16.159,17.369,4559084.0,41.791,train
Ireland,2011,IRL,15.187,17.407,4579603.0,38.054,train
Ireland,2012,IRL,15.002,17.587,4600135.0,38.224,train
Ireland,2013,IRL,14.529,17.903,4624686.0,37.279,train
Ireland,2014,IRL,14.203,18.18,4658236.0,36.85,train
Ireland,2015,IRL,14.88,18.52,4702497.0,38.715,train
Ireland,2016,IRL,15.396,19.59,4753506.0,40.369,train
Ireland,2017,IRL,14.964,19.766,4810258.0,39.04,train
Ireland,2018,IRL,14.233,17.775,4872559.0,38.922,train
Ireland,2019,IRL,13.532,17.725,4933493.0,37.2,train
Ireland,2020,IRL,12.626,17.725,4982602.0,35.053,train
Ireland,2021,IRL,13.177,17.97,5028428.0,37.474,train
Ireland,2022,IRL,12.538,17.738,5110015.0,36.676,train
Ireland,2023,IRL,11.647,17.542,5196629.0,33.568,train
Ireland,2024,IRL,11.457,17.634,5255016.0,33.311,train
Israel,2000,ISR,11.084,5.777,6111194.0,59.519,test
Israel,2001,ISR,11.437,5.878,6259977.0,63.024,test
Israel,2002,ISR,10.633,5.957,6387714.0,59.305,test
Israel,2003,ISR,10.879,6.081,6502821.0,62.415,test
Israel,2004,ISR,10.143,6.21,6615084.0,58.679,test
Israel,2005,ISR,9.612,6.01,6728212.0,56.528,test
Israel,2006,ISR,10.347,6.227,6844029.0,62.149,test
Israel,2007,ISR,10.29,6.384,6962456.0,62.8,test
Israel,2008,ISR,10.824,6.291,7082621.0,67.98,test
Israel,2009,ISR,10.034,6.374,7206096.0,63.861,test
Israel,2010,ISR,10.515,6.565,7336735.0,68.287,test
Israel,2011,ISR,10.438,6.775,7471023.0,68.595,test
Israel,2012,ISR,11.066,6.85,7607781.0,74.781,test
Israel,2013,ISR,9.428,7.052,7749369.0,63.095,test
Israel,2014,ISR,8.868,7.222,7897173.0,60.279,test
Israel,2015,ISR,9.033,7.366,8052916.0,62.936,test
Israel,2016,ISR,8.958,7.498,8210006.0,61.164,test
Israel,2017,ISR,8.412,7.648,8361796.0,58.849,test
Israel,2018,ISR,8.35,7.817,8510067.0,59.986,test
Israel,2019,ISR,8.066,7.975,8657466.0,58.95,test
Israel,2020,ISR,7.968,8.162,8800380.0,59.285,test
Israel,2021,ISR,7.824,8.399,8942925.0,58.95,test
Israel,2022,ISR,8.067,8.583,9103143.0,62.267,test
Israel,2023,ISR,7.205,8.749,9256311.0,55.382,test
Israel,2024,ISR,6.834,8.964,9387015.0,52.637,test
Italy,2000,ITA,9.402,61.303,57272200.0,469.598,train
Italy,2001,ITA,9.251,58.016,57305760.0,469.679,train
Italy,2002,ITA,9.309,59.063,57420636.0,477.136,train
Italy,2003,ITA,9.621,57.755,57739697.0,495.094,train
Italy,2004,ITA,9.568,55.592,58176736.0,500.687,train
Italy,2005,ITA,9.472,55.428,58519696.0,501.365,train
Italy,2006,ITA,9.205,54.581,58754434.0,496.075,train
Italy,2007,ITA,9.32,54.576,59108723.0,489.794,train
Italy,2008,ITA,8.872,53.961,59561687.0,478.132,train
Italy,2009,ITA,8.009,53.466,59904016.0,424.032,train
Italy,2010,ITA,8.051,53.357,60164212.0,435.672,train
Italy,2011,ITA,7.886,50.008,60367882.0,423.897,train
Italy,2012,ITA,7.343,50.658,60531522.0,403.444,train
Italy,2013,ITA,6.8,49.341,60653864.0,369.461,train
Italy,2014,ITA,6.414,47.452,60664169.0,349.389,train
Italy,2015,ITA,6.668,46.66,60575314.0,361.244,train
Italy,2016,ITA,6.649,45.691,60478103.0,358.133,train
Italy,2017,ITA,6.54,46.875,60390317.0,352.666,train
Italy,2018,ITA,6.783,46.39,60277496.0,349.048,train
Italy,2019,ITA,6.555,45.695,60130136.0,339.638,train
Italy,2020,ITA,5.864,44.653,59912763.0,302.6,train
Italy,2021,ITA,6.667,44.086,59729353.0,335.93,train
Italy,2022,ITA,6.676,42.624,59619106.0,340.115,train
Italy,2023,ITA,6.179,41.714,59499452.0,312.291,train
Italy,2024,ITA,5.999,40.757,59342870.0,301.93,train
Jamaica,2000,JAM,6.593,1.159,2607827.0,10.314,train
Jamaica,2001,JAM,5.872,1.162,2624410.0,10.576,train
Jamaica,2002,JAM,5.971,1.16,2640582.0,10.203,train
Jamaica,2003,JAM,5.636,1.209,2656629.0,10.667,train
Jamaica,2004,JAM,5.686,1.145,2672227.0,10.574,train
Jamaica,2005,JAM,5.108,1.108,2687070.0,10.413,train
Jamaica,2006,JAM,7.524,0.881,2700973.0,11.574,train
Jamaica,2007,JAM,7.701,0.846,2713808.0,10.749,train
Jamaica,2008,JAM,7.252,0.838,2725633.0,10.776,train
Jamaica,2009,JAM,4.105,0.823,2737001.0,7.937,train
Jamaica,2010,JAM,3.795,0.799,2748573.0,7.677,train
Jamaica,2011,JAM,4.2,0.823,2760493.0,8.226,train
Jamaica,2012,JAM,3.748,0.828,2772432.0,7.887,train
Jamaica,2013,JAM,3.811,0.827,2783689.0,8.467,train
Jamaica,2014,JAM,3.26,0.825,2793756.0,7.675,train
Jamaica,2015,JAM,3.25,0.813,2802536.0,7.966,train
Jamaica,2016,JAM,3.287,0.816,2809919.0,8.134,train
Jamaica,2017,JAM,3.312,0.815,2815765.0,7.768,train
Jamaica,2018,JAM,3.1,0.82,2820103.0,8.061,train
Jamaica,2019,JAM,3.535,0.785,2823275.0,9.439,train
Jamaica,2020,JAM,2.637,0.771,2830745.0,6.866,train
Jamaica,2021,JAM,2.746,0.775,2837680.0,7.313,train
Jamaica,2022,JAM,2.961,0.765,2839150.0,7.908,train
Jamaica,2023,JAM,3.058,0.766,2839785.0,8.069,train
Jamaica,2024,JAM,3.202,0.759,2839182.0,8.402,train
Japan,2000,JPN,10.398,42.953,127027794.0,1260.203,test
Japan,2001,JPN,10.187,41.539,127260144.0,1245.935,test
Japan,2002,JPN,10.359,40.553,127484599.0,1275.42,test
Japan,2003,JPN,10.397,39.714,127671254.0,1283.845,test
Japan,2004,JPN,10.329,39.444,127815769.0,1279.122,test
Japan,2005,JPN,10.397,38.946,127913331.0,1286.412,test
Japan,2006,JPN,10.183,38.588,127997247.0,1263.44,test
Japan,2007,JPN,10.475,38.629,128087683.0,1298.974,test
Japan,2008,JPN,9.903,36.215,128155992.0,1228.687,test
Japan,2009,JPN,9.31,35.8,128192471.0,1160.253,test
Japan,2010,JPN,9.719,35.999,128185273.0,1211.09,test
Japan,2011,JPN,10.173,34.923,128096430.0,1261.181,test
Japan,2012,JPN,10.512,34.064,127928283.0,1302.113,test
Japan,2013,JPN,10.578,33.943,127723642.0,1311.876,test
Japan,2014,JPN,10.198,32.739,127486601.0,1260.272,test
Japan,2015,JPN,9.897,31.983,127275868.0,1219.982,test
Japan,2016,JPN,9.747,31.677,127159950.0,1199.933,test
Japan,2017,JPN,9.669,31.599,127064686.0,1184.392,test
Japan,2018,JPN,9.325,30.936,126913432.0,1138.55,test
Japan,2019,JPN,9.017,30.323,126699421.0,1102.063,test
Japan,2020,JPN,8.556,29.722,126304533.0,1037.285,test
Japan,2021,JPN,8.795,29.54,125679342.0,1058.502,test
Japan,2022,JPN,8.623,29.664,124997585.0,1029.645,test
Japan,2023,JPN,8.296,28.977,124370947.0,986.91,test
Japan,2024,JPN,8.138,28.82,123753041.0,961.867,test
Jordan,2000,JOR,3.435,2.352,5386945.0,15.401,train
Jordan,2001,JOR,3.488,2.408,5498900.0,15.858,train
Jordan,2002,JOR,3.589,2.497,5616077.0,16.707,train
Jordan,2003,JOR,3.739,2.565,5741837.0,17.273,train
Jordan,2004,JOR,3.89,2.659,5882066.0,19.003,train
Jordan,2005,JOR,4.143,2.816,6029597.0,20.79,train
Jordan,2006,JOR,3.816,2.952,6427377.0,20.829,train
Jordan,2007,JOR,3.823,3.177,6827235.0,21.7,train
Jordan,2008,JOR,3.811,3.587,6989874.0,20.987,train
Jordan,2009,JOR,3.715,3.535,7141763.0,21.545,train
Jordan,2010,JOR,3.584,3.693,7297046.0,20.838,train
Jordan,2011,JOR,3.702,4.022,7480431.0,21.409,train
Jordan,2012,JOR,4.017,4.212,7587133.0,24.069,train
Jordan,2013,JOR,3.818,4.279,7991812.0,24.061,train
Jordan,2014,JOR,3.714,4.531,8791715.0,26.165,train
Jordan,2015,JOR,3.417,4.763,9544730.0,25.799,train
Jordan,2016,JOR,3.146,5.025,10006369.0,24.949,train
Jordan,2017,JOR,3.221,5.073,10234227.0,26.08,train
Jordan,2018,JOR,3.113,5.173,10462310.0,25.419,train
Jordan,2019,JOR,2.953,5.296,10671893.0,24.57,train
Jordan,2020,JOR,2.53,5.426,10865232.0,20.622,train
Jordan,2021,JOR,2.601,5.58,11066356.0,21.19,train
Jordan,2022,JOR,2.667,5.681,11256269.0,22.428,train
Jordan,2023,JOR,2.695,5.801,11439220.0,23.119,train
Jordan,2024,JOR,2.686,5.936,11552885.0,23.219,train
Kazakhstan,2000,KAZ,9.113,32.816,15501108.0,142.197,validation
Kazakhstan,2001,KAZ,7.996,34.125,15575550.0,138.036,validation
Kazakhstan,2002,KAZ,10.812,38.496,15656680.0,156.768,validation
Kazakhstan,2003,KAZ,12.333,38.115,15747377.0,175.022,validation
Kazakhstan,2004,KAZ,13.569,40.649,15850164.0,185.476,validation
Kazakhstan,2005,KAZ,14.649,41.692,15968118.0,198.449,validation
Kazakhstan,2006,KAZ,16.28,44.856,16103718.0,219.633,validation
Kazakhstan,2007,KAZ,16.459,44.68,16257212.0,225.712,validation
Kazakhstan,2008,KAZ,17.277,48.842,16426527.0,226.102,validation
Kazakhstan,2009,KAZ,17.747,47.857,16619851.0,223.189,validation
Kazakhstan,2010,KAZ,20.939,52.067,16836808.0,248.093,validation
Kazakhstan,2011,KAZ,19.367,50.894,17065996.0,238.157,validation
Kazakhstan,2012,KAZ,19.369,51.33,17306115.0,245.263,validation
Kazakhstan,2013,KAZ,19.285,50.231,17556502.0,253.533,validation
Kazakhstan,2014,KAZ,22.18,51.587,17816285.0,299.137,validation
Kazakhstan,2015,KAZ,21.519,46.424,18084175.0,303.052,validation
Kazakhstan,2016,KAZ,21.095,46.547,18363600.0,301.739,validation
Kazakhstan,2017,KAZ,22.2,53.113,18651931.0,317.72,validation
Kazakhstan,2018,KAZ,21.948,52.263,18932725.0,329.572,validation
Kazakhstan,2019,KAZ,20.105,53.139,19209556.0,296.04,validation
Kazakhstan,2020,KAZ,19.035,52.083,19482116.0,281.789,validation
Kazakhstan,2021,KAZ,16.87,54.107,19743607.0,244.904,validation
Kazakhstan,2022,KAZ,18.068,54.521,20034612.0,274.346,validation
Kazakhstan,2023,KAZ,18.313,54.193,20330109.0,286.175,validation
Kazakhstan,2024,KAZ,18.076,54.973,20592574.0,287.006,validation
Kenya,2000,KEN,1.851,24.248,30642893.0,10.385,validation
Kenya,2001,KEN,1.727,24.417,31619170.0,9.224,validation
Kenya,2002,KEN,1.725,25.418,32629809.0,7.819,validation
Kenya,2003,KEN,1.731,26.822,33652233.0,6.716,validation
Kenya,2004,KEN,1.722,28.377,34713453.0,7.621,validation
Kenya,2005,KEN,1.734,27.952,35796485.0,8.454,validation
Kenya,2006,KEN,1.814,27.789,36904010.0,9.567,validation
Kenya,2007,KEN,2.211,39.619,38036354.0,9.734,validation
Kenya,2008,KEN,2.246,40.322,39206349.0,10.099,validation
Kenya,2009,KEN,2.195,39.141,40408887.0,12.185,validation
Kenya,2010,KEN,2.426,39.565,41598570.0,11.857,validation
Kenya,2011,KEN,2.389,40.61,42758467.0,12.218,validation
Kenya,2012,KEN,2.155,40.598,43888306.0,11.246,validation
Kenya,2013,KEN,1.942,40.338,44986794.0,12.163,validation
Kenya,2014,KEN,1.862,41.061,46051441.0,13.214,validation
Kenya,2015,KEN,1.937,41.821,47088528.0,15.212,validation
Kenya,2016,KEN,1.825,44.76,48139683.0,16.289,validation
Kenya,2017,KEN,1.976,42.684,49197757.0,16.181,validation
Kenya,2018,KEN,1.894,44.186,50207109.0,17.003,validation
Kenya,2019,KEN,1.904,49.255,51202829.0,18.159,validation
Kenya,2020,KEN,2.005,54.435,52217327.0,19.99,validation
Kenya,2021,KEN,1.799,50.344,53219167.0,20.59,validation
Kenya,2022,KEN,1.785,51.79,54252458.0,20.544,validation
Kenya,2023,KEN,1.816,53.752,55339007.0,21.186,validation
Kenya,2024,KEN,1.763,53.82,56432946.0,21.225,validation
Kiribati,2000,KIR,0.673,0.019,88632.0,0.037,train
Kiribati,2001,KIR,0.625,0.019,90350.0,0.033,train
Kiribati,2002,KIR,0.707,0.02,92281.0,0.04,train
Kiribati,2003,KIR,0.696,0.02,94189.0,0.04,train
Kiribati,2004,KIR,0.725,0.021,96096.0,0.044,train
Kiribati,2005,KIR,0.756,0.021,98045.0,0.048,train
Kiribati,2006,KIR,0.783,0.022,100028.0,0.051,train
Kiribati,2007,KIR,0.774,0.022,102081.0,0.051,train
Kiribati,2008,KIR,0.729,0.022,104235.0,0.048,train
Kiribati,2009,KIR,0.715,0.023,106479.0,0.048,train
Kiribati,2010,KIR,0.808,0.023,108717.0,0.059,train
Kiribati,2011,KIR,0.764,0.024,110660.0,0.055,train
Kiribati,2012,KIR,0.76,0.024,112293.0,0.055,train
Kiribati,2013,KIR,0.754,0.025,113847.0,0.055,train
Kiribati,2014,KIR,0.75,0.025,115339.0,0.055,train
Kiribati,2015,KIR,0.779,0.026,116826.0,0.059,train
Kiribati,2016,KIR,0.744,0.027,118488.0,0.055,train
Kiribati,2017,KIR,0.861,0.027,120288.0,0.07,train
Kiribati,2018,KIR,0.853,0.028,122097.0,0.07,train
Kiribati,2019,KIR,0.846,0.029,123928.0,0.07,train
Kiribati,2020,KIR,0.835,0.029,126110.0,0.07,train
Kiribati,2021,KIR,0.826,0.029,128387.0,0.07,train
Kiribati,2022,KIR,0.818,0.03,130483.0,0.07,train
Kiribati,2023,KIR,0.808,0.031,132540.0,0.069,train
Kiribati,2024,KIR,0.824,0.031,134521.0,0.072,train
Kuwait,2000,KWT,44.367,31.048,1954713.0,54.98,validation
Kuwait,2001,KWT,44.364,29.272,2008127.0,59.119,validation
Kuwait,2002,KWT,43.768,29.296,2059983.0,60.114,validation
Kuwait,2003,KWT,46.959,35.814,2109886.0,62.491,validation
Kuwait,2004,KWT,47.546,35.942,2157329.0,65.855,validation
Kuwait,2005,KWT,50.981,38.586,2236797.0,74.615,validation
Kuwait,2006,KWT,49.136,39.089,2364741.0,76.222,validation
Kuwait,2007,KWT,45.871,36.877,2507890.0,77.295,validation
Kuwait,2008,KWT,45.753,35.918,2651433.0,84.442,validation
Kuwait,2009,KWT,43.739,32.48,2795489.0,88.832,validation
Kuwait,2010,KWT,41.934,32.75,2943374.0,89.721,validation
Kuwait,2011,KWT,39.759,36.43,3132815.0,87.151,validation
Kuwait,2012,KWT,42.459,39.482,3337025.0,101.201,validation
Kuwait,2013,KWT,35.196,39.35,3507755.0,83.047,validation
Kuwait,2014,KWT,31.411,39.106,3665769.0,74.994,validation
Kuwait,2015,KWT,34.933,39.552,3834465.0,93.317,validation
Kuwait,2016,KWT,36.47,40.905,4003976.0,104.019,validation
Kuwait,2017,KWT,33.653,38.696,4154686.0,100.01,validation
Kuwait,2018,KWT,33.026,39.203,4323389.0,102.453,validation
Kuwait,2019,KWT,32.545,38.78,4442201.0,104.654,validation
Kuwait,2020,KWT,29.08,36.763,4400146.0,90.103,validation
Kuwait,2021,KWT,28.859,36.777,4360748.0,87.869,validation
Kuwait,2022,KWT,34.217,40.002,4589514.0,115.849,validation
Kuwait,2023,KWT,33.803,39.198,4838781.0,123.169,validation
Kuwait,2024,KWT,34.507,39.526,4934508.0,129.519,validation
Kyrgyzstan,2000,KGZ,2.875,4.16,5025150.0,4.575,test
Kyrgyzstan,2001,KGZ,2.668,4.2,5071960.0,3.857,test
Kyrgyzstan,2002,KGZ,2.869,4.282,5116252.0,4.917,test
Kyrgyzstan,2003,KGZ,2.89,4.31,5159422.0,5.376,test
Kyrgyzstan,2004,KGZ,2.777,4.319,5203048.0,5.808,test
Kyrgyzstan,2005,KGZ,2.697,4.393,5246337.0,5.519,test
Kyrgyzstan,2006,KGZ,2.6,4.206,5282451.0,5.457,test
Kyrgyzstan,2007,KGZ,2.797,4.308,5313376.0,6.522,test
Kyrgyzstan,2008,KGZ,2.949,4.512,5342530.0,7.481,test
Kyrgyzstan,2009,KGZ,2.816,4.804,5398013.0,6.709,test
Kyrgyzstan,2010,KGZ,2.733,4.919,5491763.0,6.356,test
Kyrgyzstan,2011,KGZ,3.036,5.609,5594537.0,7.62,test
Kyrgyzstan,2012,KGZ,3.326,5.169,5696521.0,10.087,test
Kyrgyzstan,2013,KGZ,3.339,5.711,5797294.0,9.734,test
Kyrgyzstan,2014,KGZ,3.459,6.354,5898322.0,10.236,test
Kyrgyzstan,2015,KGZ,3.432,6.461,6001876.0,10.265,test
Kyrgyzstan,2016,KGZ,3.298,6.768,6108460.0,9.622,test
Kyrgyzstan,2017,KGZ,3.172,6.951,6220148.0,9.364,test
Kyrgyzstan,2018,KGZ,3.421,7.215,6341733.0,11.175,test
Kyrgyzstan,2019,KGZ,3.031,7.355,6494036.0,9.047,test
Kyrgyzstan,2020,KGZ,2.852,7.461,6664143.0,8.348,test
Kyrgyzstan,2021,KGZ,3.08,7.588,6820483.0,10.338,test
Kyrgyzstan,2022,KGZ,3.203,7.737,6955792.0,11.513,test
Kyrgyzstan,2023,KGZ,3.099,7.837,7073523.0,11.144,test
Kyrgyzstan,2024,KGZ,3.142,7.968,7186014.0,11.77,test
Laos,2000,LAO,9.395,6.343,5431213.0,0.96,train
Laos,2001,LAO,9.249,6.561,5521481.0,1.059,train
Laos,2002,LAO,9.609,6.687,5610888.0,1.166,train
Laos,2003,LAO,9.844,6.854,5697944.0,1.221,train
Laos,2004,LAO,10.774,7.106,5781627.0,1.282,train
Laos,2005,LAO,11.183,7.006,5869531.0,1.337,train
Laos,2006,LAO,10.209,7.085,5963199.0,1.757,train
Laos,2007,LAO,11.467,7.38,6056237.0,1.836,train
Laos,2008,LAO,12.008,7.668,6148974.0,2.131,train
Laos,2009,LAO,12.755,8.006,6241649.0,2.667,train
Laos,2010,LAO,11.001,8.436,6334198.0,3.001,train
Laos,2011,LAO,11.056,8.228,6426592.0,3.097,train
Laos,2012,LAO,11.92,8.834,6518981.0,3.328,train
Laos,2013,LAO,12.73,8.834,6611385.0,4.198,train
Laos,2014,LAO,12.801,9.049,6703170.0,4.383,train
Laos,2015,LAO,11.26,9.334,6801647.0,9.185,train
Laos,2016,LAO,10.588,9.883,6908800.0,16.407,train
Laos,2017,LAO,10.053,9.839,7018150.0,19.625,train
Laos,2018,LAO,9.591,9.892,7128043.0,20.481,train
Laos,2019,LAO,8.101,10.051,7237635.0,18.34,train
Laos,2020,LAO,7.817,10.547,7346534.0,18.294,train
Laos,2021,LAO,9.095,10.481,7453192.0,21.837,train
Laos,2022,LAO,8.597,10.955,7559008.0,22.549,train
Laos,2023,LAO,8.23,11.141,7665001.0,24.157,train
Laos,2024,LAO,7.901,11.411,7769823.0,24.4,train
Latvia,2000,LVA,2.283,2.001,2368320.0,7.082,train
Latvia,2001,LVA,2.983,2.026,2338299.0,7.497,train
Latvia,2002,LVA,2.948,2.066,2311358.0,7.52,train
Latvia,2003,LVA,4.503,2.123,2288983.0,7.726,train
Latvia,2004,LVA,6.606,2.177,2264179.0,7.731,train
Latvia,2005,LVA,7.824,2.285,2239787.0,7.811,train
Latvia,2006,LVA,6.294,2.404,2219039.0,8.31,train
Latvia,2007,LVA,6.101,2.507,2200774.0,8.637,train
Latvia,2008,LVA,5.822,2.305,2177710.0,8.198,train
Latvia,2009,LVA,5.532,2.329,2142044.0,7.456,train
Latvia,2010,LVA,6.26,2.253,2097834.0,8.555,train
Latvia,2011,LVA,6.463,2.351,2059940.0,7.808,train
Latvia,2012,LVA,7.011,2.438,2034639.0,7.52,train
Latvia,2013,LVA,6.524,2.44,2013004.0,7.369,train
Latvia,2014,LVA,6.736,2.439,1994153.0,7.172,train
Latvia,2015,LVA,7.901,2.424,1977874.0,7.262,train
Latvia,2016,LVA,7.159,2.433,1959863.0,7.211,train
Latvia,2017,LVA,7.166,2.436,1942599.0,7.215,train
Latvia,2018,LVA,7.879,2.374,1927586.0,7.843,train
Latvia,2019,LVA,7.642,2.35,1914267.0,7.633,train
Latvia,2020,LVA,7.376,2.311,1901119.0,6.999,train
Latvia,2021,LVA,7.278,2.33,1885593.0,7.218,train
Latvia,2022,LVA,7.262,2.302,1881059.0,6.608,train
Latvia,2023,LVA,7.383,2.298,1882399.0,6.59,train
Latvia,2024,LVA,7.405,2.285,1871874.0,6.462,train
Lebanon,2000,LBN,4.083,1.971,4329345.0,15.466,validation
Lebanon,2001,LBN,4.32,2.041,4401923.0,16.407,validation
Lebanon,2002,LBN,4.277,2.129,4463505.0,16.244,validation
Lebanon,2003,LBN,4.73,2.222,4525513.0,18.529,validation
Lebanon,2004,LBN,4.418,2.312,4599285.0,17.208,validation
Lebanon,2005,LBN,4.193,2.389,4671105.0,16.65,validation
Lebanon,2006,LBN,3.755,2.432,4751146.0,14.792,validation
Lebanon,2007,LBN,3.452,2.469,4844119.0,13.746,validation
Lebanon,2008,LBN,4.169,2.519,4925359.0,17.418,validation
Lebanon,2009,LBN,4.78,2.593,4992295.0,20.958,validation
Lebanon,2010,LBN,4.658,2.669,5041290.0,19.997,validation
Lebanon,2011,LBN,4.712,2.846,5096018.0,20.264,validation
Lebanon,2012,LBN,5.02,3.015,5235742.0,22.332,validation
Lebanon,2013,LBN,4.595,3.183,5743441.0,22.164,validation
Lebanon,2014,LBN,4.492,3.351,6346993.0,23.992,validation
Lebanon,2015,LBN,4.702,3.457,6472470.0,25.731,validation
Lebanon,2016,LBN,4.948,3.543,6323061.0,26.438,validation
Lebanon,2017,LBN,5.335,3.598,6160129.0,27.821,validation
Lebanon,2018,LBN,5.099,3.62,5984120.0,25.812,validation
Lebanon,2019,LBN,5.18,3.691,5794601.0,25.141,validation
Lebanon,2020,LBN,5.005,3.759,5702400.0,23.694,validation
Lebanon,2021,LBN,4.261,3.811,5718129.0,19.474,validation
Lebanon,2022,LBN,3.534,3.867,5744492.0,15.361,validation
Lebanon,2023,LBN,3.547,3.924,5773494.0,15.559,validation
Lebanon,2024,LBN,3.556,3.983,5805962.0,15.65,validation
Lesotho,2000,LSO,2.36,1.751,2003919.0,1.85,test
Lesotho,2001,LSO,2.043,1.716,2000859.0,1.872,test
Lesotho,2002,LSO,2.497,1.605,1994686.0,1.905,test
Lesotho,2003,LSO,3.008,1.651,1985060.0,1.931,test
Lesotho,2004,LSO,2.933,1.613,1971130.0,1.979,test
Lesotho,2005,LSO,2.54,1.732,1953080.0,2.012,test
Lesotho,2006,LSO,3.467,1.681,1945066.0,2.034,test
Lesotho,2007,LSO,3.475,1.715,1953273.0,2.074,test
Lesotho,2008,LSO,2.912,1.685,1966547.0,2.121,test
Lesotho,2009,LSO,2.607,1.711,1980884.0,2.217,test
Lesotho,2010,LSO,2.374,1.693,1996256.0,2.275,test
Lesotho,2011,LSO,2.332,1.712,2014015.0,2.759,test
Lesotho,2012,LSO,2.035,1.714,2034363.0,2.792,test
Lesotho,2013,LSO,2.419,1.633,2056509.0,2.125,test
Lesotho,2014,LSO,1.839,1.617,2080091.0,2.242,test
Lesotho,2015,LSO,3.894,1.585,2104614.0,2.045,test
Lesotho,2016,LSO,4.244,1.564,2130424.0,2.026,test
Lesotho,2017,LSO,4.079,1.65,2157117.0,2.286,test
Lesotho,2018,LSO,3.069,1.536,2183611.0,2.165,test
Lesotho,2019,LSO,2.955,1.463,2209414.0,2.187,test
Lesotho,2020,LSO,2.708,1.281,2235727.0,1.986,test
Lesotho,2021,LSO,3.196,1.341,2261549.0,3.096,test
Lesotho,2022,LSO,2.869,1.386,2286112.0,2.551,test
Lesotho,2023,LSO,2.707,1.333,2311476.0,2.494,test
Lesotho,2024,LSO,2.641,1.315,2337428.0,2.572,test
Liberia,2000,LBR,6.903,1.487,2928117.0,0.402,train
Liberia,2001,LBR,6.731,1.482,3015343.0,0.414,train
Liberia,2002,LBR,6.761,1.534,3094793.0,0.432,train
Liberia,2003,LBR,7.656,1.578,3119534.0,0.461,train
Liberia,2004,LBR,7.611,1.632,3156893.0,0.543,train
Liberia,2005,LBR,7.125,1.708,3301016.0,0.651,train
Liberia,2006,LBR,6.705,1.913,3490792.0,0.669,train
Liberia,2007,LBR,6.4,1.856,3669050.0,0.629,train
Liberia,2008,LBR,6.034,1.933,3821006.0,0.531,train
Liberia,2009,LBR,6.954,2.155,3943035.0,0.522,train
Liberia,2010,LBR,6.82,2.101,4058897.0,0.709,train
Liberia,2011,LBR,7.109,2.141,4221177.0,0.822,train
Liberia,2012,LBR,6.888,2.19,4373046.0,0.915,train
Liberia,2013,LBR,6.833,2.212,4470246.0,0.874,train
Liberia,2014,LBR,6.886,2.289,4564299.0,0.734,train
Liberia,2015,LBR,6.057,2.354,4659436.0,0.699,train
Liberia,2016,LBR,6.002,2.316,4755607.0,0.647,train
Liberia,2017,LBR,6.027,2.311,4848927.0,0.667,train
Liberia,2018,LBR,5.382,2.332,4944728.0,0.609,train
Liberia,2019,LBR,4.895,2.462,5043719.0,0.932,train
Liberia,2020,LBR,4.653,2.485,5149470.0,0.777,train
Liberia,2021,LBR,4.337,2.471,5259327.0,0.783,train
Liberia,2022,LBR,4.467,2.553,5373297.0,0.864,train
Liberia,2023,LBR,4.466,2.561,5493035.0,0.834,train
Liberia,2024,LBR,4.372,2.586,5612813.0,0.859,train
Libya,2000,LBY,17.801,40.886,5305020.0,53.239,train
Libya,2001,LBY,16.817,37.462,5403639.0,53.114,train
Libya,2002,LBY,16.281,36.401,5508412.0,52.525,train
Libya,2003,LBY,17.402,42.037,5619405.0,55.481,train
Libya,2004,LBY,17.148,40.952,5736696.0,56.854,train
Libya,2005,LBY,17.122,43.68,5858793.0,55.986,train
Libya,2006,LBY,15.776,42.09,5980212.0,51.45,train
Libya,2007,LBY,13.841,39.24,6104381.0,44.392,train
Libya,2008,LBY,14.575,40.058,6235433.0,49.699,train
Libya,2009,LBY,13.984,36.484,6366689.0,51.627,train
Libya,2010,LBY,15.239,38.801,6497837.0,59.148,train
Libya,2011,LBY,10.974,15.046,6343210.0,53.542,train
Libya,2012,LBY,15.538,33.124,6179327.0,61.606,train
Libya,2013,LBY,12.219,24.399,6304636.0,51.344,train
Libya,2014,LBY,13.15,14.898,6427260.0,68.348,train
Libya,2015,LBY,11.55,13.384,6531825.0,60.866,train
Libya,2016,LBY,10.797,12.939,6632130.0,57.379,train
Libya,2017,LBY,13.433,22.065,6738771.0,67.092,train
Libya,2018,LBY,13.192,26.327,6849058.0,62.645,train
Libya,2019,LBY,14.964,28.804,6951040.0,73.778,train
Libya,2020,LBY,7.191,13.217,7045403.0,36.111,train
Libya,2021,LBY,12.049,28.265,7135179.0,56.312,train
Libya,2022,LBY,11.936,25.77,7223804.0,58.974,train
Libya,2023,LBY,12.849,28.13,7305659.0,64.219,train
Libya,2024,LBY,12.869,28.198,7381029.0,65.26,train
Liechtenstein,2000,LIE,7.141,0.021,33137.0,0.217,train
Liechtenstein,2001,LIE,6.942,0.021,33470.0,0.215,train
Liechtenstein,2002,LIE,7.024,0.021,33770.0,0.22,train
Liechtenstein,2003,LIE,7.211,0.022,34089.0,0.229,train
Liechtenstein,2004,LIE,7.151,0.022,34409.0,0.229,train
Liechtenstein,2005,LIE,7.074,0.023,34713.0,0.229,train
Liechtenstein,2006,LIE,7.077,0.023,35002.0,0.231,train
Liechtenstein,2007,LIE,6.166,0.024,35251.0,0.201,train
Liechtenstein,2008,LIE,6.688,0.024,35467.0,0.219,train
Liechtenstein,2009,LIE,6.161,0.023,35740.0,0.205,train
Liechtenstein,2010,LIE,5.65,0.022,36021.0,0.191,train
Liechtenstein,2011,LIE,5.19,0.022,36295.0,0.177,train
Liechtenstein,2012,LIE,5.383,0.022,36621.0,0.185,train
Liechtenstein,2013,LIE,5.519,0.022,36930.0,0.192,train
Liechtenstein,2014,LIE,4.647,0.022,37191.0,0.161,train
Liechtenstein,2015,LIE,4.555,0.022,37424.0,0.16,train
Liechtenstein,2016,LIE,4.269,0.023,37635.0,0.15,train
Liechtenstein,2017,LIE,4.399,0.022,37872.0,0.155,train
Liechtenstein,2018,LIE,4.039,0.023,38157.0,0.143,train
Liechtenstein,2019,LIE,4.187,0.024,38463.0,0.149,train
Liechtenstein,2020,LIE,3.986,0.024,38793.0,0.142,train
Liechtenstein,2021,LIE,4.089,0.024,39062.0,0.146,train
Liechtenstein,2022,LIE,3.617,0.024,39338.0,0.128,train
Liechtenstein,2023,LIE,3.684,0.024,39622.0,0.131,train
Liechtenstein,2024,LIE,3.685,0.025,39895.0,0.132,train
Lithuania,2000,LTU,0.974,4.404,3500410.0,11.843,train
Lithuania,2001,LTU,3.123,4.214,3473008.0,12.594,train
Lithuania,2002,LTU,2.881,4.469,3444051.0,12.666,train
Lithuania,2003,LTU,4.061,4.4,3415276.0,12.659,train
Lithuania,2004,LTU,7.054,4.436,3376703.0,13.254,train
Lithuania,2005,LTU,6.044,4.405,3322264.0,13.863,train
Lithuania,2006,LTU,5.741,4.408,3269809.0,14.195,train
Lithuania,2007,LTU,6.66,4.551,3231378.0,15.474,train
Lithuania,2008,LTU,7.707,4.561,3198482.0,14.919,train
Lithuania,2009,LTU,7.292,4.411,3163255.0,12.829,train
Lithuania,2010,LTU,7.883,4.404,3097721.0,13.802,train
Lithuania,2011,LTU,8.577,4.386,3028642.0,13.96,train
Lithuania,2012,LTU,8.966,4.35,2988334.0,14.054,train
Lithuania,2013,LTU,8.979,4.211,2958359.0,13.148,train
Lithuania,2014,LTU,7.886,4.124,2933171.0,12.846,train
Lithuania,2015,LTU,8.346,4.123,2905771.0,13.045,train
Lithuania,2016,LTU,7.993,3.672,2869109.0,13.102,train
Lithuania,2017,LTU,8.438,3.541,2829317.0,13.277,train
Lithuania,2018,LTU,9.148,3.418,2802485.0,13.414,train
Lithuania,2019,LTU,8.821,3.318,2795057.0,13.647,train
Lithuania,2020,LTU,8.605,3.101,2795766.0,13.5,train
Lithuania,2021,LTU,8.542,2.997,2794490.0,13.778,train
Lithuania,2022,LTU,8.039,2.85,2816923.0,12.895,train
Lithuania,2023,LTU,7.762,2.789,2854104.0,12.507,train
Lithuania,2024,LTU,7.617,2.618,2859112.0,12.542,train
Luxembourg,2000,LUX,22.656,0.661,436142.0,8.702,train
Luxembourg,2001,LUX,23.391,0.647,441754.0,9.205,train
Luxembourg,2002,LUX,24.786,0.631,446392.0,9.978,train
Luxembourg,2003,LUX,25.484,0.612,451845.0,10.451,train
Luxembourg,2004,LUX,28.083,0.599,458305.0,11.816,train
Luxembourg,2005,LUX,28.176,0.592,465369.0,12.076,train
Luxembourg,2006,LUX,27.542,0.592,472869.0,11.906,train
Luxembourg,2007,LUX,25.853,0.606,480277.0,11.302,train
Luxembourg,2008,LUX,24.971,0.605,488995.0,11.167,train
Luxembourg,2009,LUX,23.405,0.606,498196.0,10.62,train
Luxembourg,2010,LUX,24.208,0.636,507418.0,11.191,train
Luxembourg,2011,LUX,23.436,0.603,518583.0,11.09,train
Luxembourg,2012,LUX,22.401,0.583,530951.0,10.858,train
Luxembourg,2013,LUX,20.968,0.592,543358.0,10.323,train
Luxembourg,2014,LUX,19.524,0.596,556285.0,9.807,train
Luxembourg,2015,LUX,18.145,0.575,569540.0,9.334,train
Luxembourg,2016,LUX,17.357,0.598,583511.0,9.077,train
Luxembourg,2017,LUX,17.272,0.603,596506.0,9.251,train
Luxembourg,2018,LUX,17.388,0.596,608109.0,9.556,train
Luxembourg,2019,LUX,17.417,0.596,620167.0,9.75,train
Luxembourg,2020,LUX,14.402,0.566,630597.0,8.069,train
Luxembourg,2021,LUX,14.676,0.56,640276.0,8.41,train
Luxembourg,2022,LUX,12.559,0.555,653315.0,7.274,train
Luxembourg,2023,LUX,11.683,0.551,665101.0,6.841,train
Luxembourg,2024,LUX,11.798,0.535,673042.0,7.04,train
Macao,2000,MAC,3.641,0.033,437316.0,1.528,validation
Macao,2001,MAC,3.669,0.034,445121.0,1.561,validation
Macao,2002,MAC,3.212,0.035,456026.0,1.389,validation
Macao,2003,MAC,3.199,0.037,469062.0,1.422,validation
Macao,2004,MAC,3.458,0.039,482209.0,1.583,validation
Macao,2005,MAC,3.566,0.039,495416.0,1.682,validation
Macao,2006,MAC,3.03,0.039,508752.0,1.455,validation
Macao,2007,MAC,2.782,0.04,522281.0,1.363,validation
Macao,2008,MAC,2.264,0.04,535935.0,1.129,validation
Macao,2009,MAC,3.608,0.041,549492.0,1.894,validation
Macao,2010,MAC,2.342,0.042,562809.0,1.235,validation
Macao,2011,MAC,2.395,0.043,575644.0,1.293,validation
Macao,2012,MAC,2.077,0.044,587450.0,1.132,validation
Macao,2013,MAC,1.795,0.045,598752.0,0.989,validation
Macao,2014,MAC,2.265,0.046,610308.0,1.293,validation
Macao,2015,MAC,3.015,0.048,622185.0,1.773,validation
Macao,2016,MAC,2.971,0.047,634317.0,1.781,validation
Macao,2017,MAC,3.144,0.049,646558.0,1.927,validation
Macao,2018,MAC,2.037,0.048,658777.0,1.242,validation
Macao,2019,MAC,1.961,0.049,670982.0,1.213,validation
Macao,2020,MAC,1.664,0.05,683069.0,1.033,validation
Macao,2021,MAC,1.635,0.05,694404.0,1.03,validation
Macao,2022,MAC,1.644,0.051,704360.0,1.049,validation
Macao,2023,MAC,1.616,0.051,713916.0,1.043,validation
Macao,2024,MAC,1.623,0.052,720270.0,1.056,validation
Madagascar,2000,MDG,9.231,20.103,16516336.0,1.955,train
Madagascar,2001,MDG,6.802,19.283,17032933.0,1.747,train
Madagascar,2002,MDG,5.624,18.208,17549915.0,1.232,train
Madagascar,2003,MDG,5.115,19.52,18071860.0,1.699,train
Madagascar,2004,MDG,4.589,19.041,18606606.0,1.804,train
Madagascar,2005,MDG,4.163,21.389,19159711.0,1.741,train
Madagascar,2006,MDG,3.928,21.008,19730916.0,1.675,train
Madagascar,2007,MDG,3.952,22.046,20318590.0,1.728,train
Madagascar,2008,MDG,3.602,21.705,20923842.0,1.787,train
Madagascar,2009,MDG,3.325,22.28,21547277.0,1.699,train
Madagascar,2010,MDG,3.171,22.444,22183343.0,1.872,train
Madagascar,2011,MDG,2.957,22.119,22822305.0,2.33,train
Madagascar,2012,MDG,2.796,22.831,23462444.0,2.66,train
Madagascar,2013,MDG,2.772,21.828,24109290.0,3.061,train
Madagascar,2014,MDG,2.518,23.032,24764356.0,2.971,train
Madagascar,2015,MDG,2.578,22.983,25426703.0,3.121,train
Madagascar,2016,MDG,2.511,23.645,26099950.0,3.257,train
Madagascar,2017,MDG,2.422,23.236,26788379.0,3.804,train
Madagascar,2018,MDG,2.19,22.868,27494930.0,3.604,train
Madagascar,2019,MDG,2.146,24.212,28219559.0,4.147,train
Madagascar,2020,MDG,2.046,24.693,28953560.0,3.788,train
Madagascar,2021,MDG,1.988,24.545,29691087.0,4.246,train
Madagascar,2022,MDG,1.988,24.761,30437261.0,4.21,train
Madagascar,2023,MDG,1.944,24.572,31195937.0,4.447,train
Madagascar,2024,MDG,1.924,24.793,31964960.0,4.528,train
Malawi,2000,MWI,2.046,3.807,11315947.0,0.854,train
Malawi,2001,MWI,1.737,3.674,11593057.0,0.777,train
Malawi,2002,MWI,1.963,3.766,11880443.0,0.856,train
Malawi,2003,MWI,1.799,3.91,12181575.0,0.915,train
Malawi,2004,MWI,2.186,3.908,12500736.0,0.902,train
Malawi,2005,MWI,2.118,4.05,12840034.0,0.845,train
Malawi,2006,MWI,1.852,4.143,13198699.0,0.851,train
Malawi,2007,MWI,1.93,4.302,13576344.0,0.919,train
Malawi,2008,MWI,1.858,4.544,13976415.0,0.999,train
Malawi,2009,MWI,1.471,4.702,14395788.0,1.018,train
Malawi,2010,MWI,1.304,4.974,14826466.0,0.972,train
Malawi,2011,MWI,1.25,5.13,15265026.0,1.034,train
Malawi,2012,MWI,1.229,5.343,15709577.0,1.041,train
Malawi,2013,MWI,1.368,5.505,16161816.0,1.12,train
Malawi,2014,MWI,1.383,5.693,16621534.0,1.015,train
Malawi,2015,MWI,1.301,5.889,17085587.0,1.05,train
Malawi,2016,MWI,1.267,6.108,17557741.0,1.172,train
Malawi,2017,MWI,1.293,6.245,18039714.0,1.193,train
Malawi,2018,MWI,1.341,6.713,18528086.0,1.69,train
Malawi,2019,MWI,1.394,7.364,19025748.0,1.695,train
Malawi,2020,MWI,1.343,7.579,19533885.0,1.868,train
Malawi,2021,MWI,1.16,7.657,20047264.0,1.682,train
Malawi,2022,MWI,1.225,7.924,20568731.0,1.801,train
Malawi,2023,MWI,1.22,8.229,21104480.0,1.853,train
Malawi,2024,MWI,1.155,8.373,21655288.0,1.881,train
Malaysia,2000,MYS,10.227,22.9,22967817.0,122.881,train
Malaysia,2001,MYS,11.285,23.313,23526535.0,130.89,train
Malaysia,2002,MYS,11.519,23.933,24102477.0,132.035,train
Malaysia,2003,MYS,11.229,26.888,24679604.0,153.384,train
Malaysia,2004,MYS,11.721,27.452,25256773.0,169.674,train
Malaysia,2005,MYS,11.474,28.131,25836075.0,169.978,train
Malaysia,2006,MYS,11.612,29.032,26417909.0,170.166,train
Malaysia,2007,MYS,12.068,28.94,26998383.0,175.454,train
Malaysia,2008,MYS,13.074,29.708,27570052.0,192.847,train
Malaysia,2009,MYS,13.976,30.141,28124779.0,192.123,train
Malaysia,2010,MYS,13.474,27.488,28655772.0,199.346,train
Malaysia,2011,MYS,15.164,26.751,29162034.0,203.453,train
Malaysia,2012,MYS,15.125,27.145,29662835.0,212.994,train
Malaysia,2013,MYS,16.972,26.951,30174269.0,241.671,train
Malaysia,2014,MYS,16.487,27.189,30696133.0,245.053,train
Malaysia,2015,MYS,14.078,28.192,31232796.0,235.942,train
Malaysia,2016,MYS,12.559,29.069,31789692.0,237.294,train
Malaysia,2017,MYS,12.03,29.254,32355642.0,244.457,train
Malaysia,2018,MYS,11.85,29.358,32910963.0,262.647,train
Malaysia,2019,MYS,11.73,29.156,33440590.0,277.673,train
Malaysia,2020,MYS,10.886,28.139,33889554.0,262.159,train
Malaysia,2021,MYS,11.263,27.914,34282404.0,273.332,train
Malaysia,2022,MYS,11.064,28.344,34695494.0,281.884,train
Malaysia,2023,MYS,10.714,28.793,35126295.0,276.297,train
Malaysia,2024,MYS,10.931,28.313,35557670.0,290.224,train
Maldives,2000,MDV,1.85,0.052,282025.0,0.451,test
Maldives,2001,MDV,1.858,0.054,286778.0,0.462,test
Maldives,2002,MDV,2.292,0.059,291631.0,0.59,test
Maldives,2003,MDV,1.987,0.063,296497.0,0.509,test
Maldives,2004,MDV,2.495,0.068,301416.0,0.663,test
Maldives,2005,MDV,2.253,0.071,306429.0,0.601,test
Maldives,2006,MDV,2.688,0.077,313866.0,0.744,test
Maldives,2007,MDV,2.737,0.081,324489.0,0.78,test
Maldives,2008,MDV,2.836,0.086,336178.0,0.839,test
Maldives,2009,MDV,2.878,0.089,348282.0,0.883,test
Maldives,2010,MDV,2.932,0.095,360802.0,0.931,test
Maldives,2011,MDV,2.991,0.1,373683.0,0.986,test
Maldives,2012,MDV,3.25,0.106,386821.0,1.11,test
Maldives,2013,MDV,3.122,0.112,400077.0,1.096,test
Maldives,2014,MDV,3.603,0.119,413623.0,1.319,test
Maldives,2015,MDV,3.372,0.122,428165.0,1.282,test
Maldives,2016,MDV,3.613,0.128,443316.0,1.433,test
Maldives,2017,MDV,3.684,0.133,458297.0,1.513,test
Maldives,2018,MDV,4.063,0.139,473106.0,1.737,test
Maldives,2019,MDV,4.491,0.145,487737.0,1.993,test
Maldives,2020,MDV,3.745,0.15,502127.0,1.678,test
Maldives,2021,MDV,4.277,0.155,516163.0,1.997,test
Maldives,2022,MDV,4.643,0.16,524116.0,2.216,test
Maldives,2023,MDV,4.619,0.165,526009.0,2.205,test
Maldives,2024,MDV,4.808,0.171,527801.0,2.306,test
Mali,2000,MLI,3.031,13.798,11559291.0,1.066,train
Mali,2001,MLI,4.174,13.68,11912162.0,1.161,train
Mali,2002,MLI,6.275,14.025,12288051.0,1.209,train
Mali,2003,MLI,3.366,14.565,12684951.0,1.246,train
Mali,2004,MLI,4.414,15.843,13102415.0,1.414,train
Mali,2005,MLI,3.223,16.451,13538648.0,1.458,train
Mali,2006,MLI,2.935,16.399,13990143.0,1.535,train
Mali,2007,MLI,3.194,17.123,14457776.0,1.784,train
Mali,2008,MLI,3.165,17.947,14940786.0,1.957,train
Mali,2009,MLI,2.876,18.015,15435536.0,1.887,train
Mali,2010,MLI,2.84,19.019,15945201.0,2.088,train
Mali,2011,MLI,2.859,19.41,16469054.0,2.279,train
Mali,2012,MLI,2.932,19.999,16957039.0,2.437,train
Mali,2013,MLI,2.893,20.548,17459619.0,2.743,train
Mali,2014,MLI,2.859,21.054,18020267.0,3.139,train
Mali,2015,MLI,3.101,22.001,18593022.0,3.399,train
Mali,2016,MLI,3.113,23.951,19191298.0,4.286,train
Mali,2017,MLI,3.094,24.615,19813016.0,4.767,train
Mali,2018,MLI,3.079,25.445,20442031.0,5.198,train
Mali,2019,MLI,3.019,25.656,21068405.0,5.594,train
Mali,2020,MLI,3.117,26.822,21713837.0,6.33,train
Mali,2021,MLI,2.818,28.355,22388637.0,7.393,train
Mali,2022,MLI,2.724,27.572,23072641.0,7.02,train
Mali,2023,MLI,2.696,28.171,23769130.0,6.743,train
Mali,2024,MLI,2.682,29.049,24478597.0,6.979,train
Malta,2000,MLT,6.7,0.165,399905.0,2.468,test
Malta,2001,MLT,7.299,0.167,402788.0,2.737,test
Malta,2002,MLT,7.294,0.169,405571.0,2.747,test
Malta,2003,MLT,7.765,0.173,408236.0,2.961,test
Malta,2004,MLT,7.417,0.17,410800.0,2.849,test
Malta,2005,MLT,6.939,0.187,413324.0,2.65,test
Malta,2006,MLT,6.955,0.202,415463.0,2.655,test
Malta,2007,MLT,7.118,0.21,417201.0,2.728,test
Malta,2008,MLT,7.098,0.22,418969.0,2.721,test
Malta,2009,MLT,6.764,0.225,420800.0,2.561,test
Malta,2010,MLT,6.852,0.231,422654.0,2.619,test
Malta,2011,MLT,6.812,0.246,424635.0,2.608,test
Malta,2012,MLT,6.901,0.157,426616.0,2.749,test
Malta,2013,MLT,6.115,0.155,428457.0,2.43,test
Malta,2014,MLT,6.003,0.155,434494.0,2.417,test
Malta,2015,MLT,4.274,0.166,444978.0,1.697,test
Malta,2016,MLT,3.476,0.173,455276.0,1.376,test
Malta,2017,MLT,3.728,0.175,467902.0,1.537,test
Malta,2018,MLT,3.606,0.168,484560.0,1.548,test
Malta,2019,MLT,3.66,0.172,504017.0,1.649,test
Malta,2020,MLT,3.453,0.17,518212.0,1.601,test
Malta,2021,MLT,3.436,0.17,524383.0,1.611,test
Malta,2022,MLT,3.713,0.167,528194.0,1.774,test
Malta,2023,MLT,3.663,0.167,532964.0,1.768,test
Malta,2024,MLT,3.539,0.165,539612.0,1.729,test
Mauritania,2000,MRT,4.464,6.62,2613450.0,1.114,test
Mauritania,2001,MRT,4.421,6.706,2678766.0,1.172,test
Mauritania,2002,MRT,4.244,6.825,2738659.0,1.249,test
Mauritania,2003,MRT,4.232,7.008,2802050.0,1.286,test
Mauritania,2004,MRT,4.149,6.993,2868671.0,1.385,test
Mauritania,2005,MRT,4.14,7.139,2939060.0,1.434,test
Mauritania,2006,MRT,4.188,7.343,3013659.0,1.55,test
Mauritania,2007,MRT,4.158,7.161,3093065.0,1.758,test
Mauritania,2008,MRT,3.931,6.679,3183276.0,1.831,test
Mauritania,2009,MRT,3.947,7.059,3284454.0,2.012,test
Mauritania,2010,MRT,3.907,7.361,3390968.0,2.094,test
Mauritania,2011,MRT,3.868,7.454,3502813.0,2.227,test
Mauritania,2012,MRT,3.81,7.668,3619035.0,2.448,test
Mauritania,2013,MRT,3.657,7.859,3734324.0,2.169,test
Mauritania,2014,MRT,3.745,8.126,3848511.0,2.563,test
Mauritania,2015,MRT,3.8,8.244,3965959.0,3.002,test
Mauritania,2016,MRT,3.668,8.299,4086655.0,2.624,test
Mauritania,2017,MRT,3.976,8.372,4210603.0,3.581,test
Mauritania,2018,MRT,3.963,8.409,4337685.0,4.444,test
Mauritania,2019,MRT,3.822,8.79,4467714.0,4.613,test
Mauritania,2020,MRT,3.748,8.831,4600136.0,4.782,test
Mauritania,2021,MRT,3.6,8.903,4734874.0,4.5,test
Mauritania,2022,MRT,3.685,8.89,4875644.0,5.267,test
Mauritania,2023,MRT,3.589,9.081,5022442.0,5.037,test
Mauritania,2024,MRT,3.521,9.091,5169403.0,5.239,test
Mauritius,2000,MUS,2.991,0.541,1216632.0,2.689,train
Mauritius,2001,MUS,2.972,0.537,1225807.0,2.862,train
Mauritius,2002,MUS,2.937,0.529,1234090.0,2.884,train
Mauritius,2003,MUS,3.065,0.535,1242094.0,3.059,train
Mauritius,2004,MUS,3.328,0.539,1249799.0,3.089,train
Mauritius,2005,MUS,3.263,0.535,1257215.0,3.294,train
Mauritius,2006,MUS,3.477,0.538,1263785.0,3.627,train
Mauritius,2007,MUS,3.495,0.54,1269522.0,3.686,train
Mauritius,2008,MUS,3.533,0.546,1274635.0,3.767,train
Mauritius,2009,MUS,3.517,0.549,1278976.0,3.708,train
Mauritius,2010,MUS,3.625,0.554,1282710.0,3.913,train
Mauritius,2011,MUS,3.62,0.556,1286270.0,3.917,train
Mauritius,2012,MUS,3.669,0.558,1289174.0,3.964,train
Mauritius,2013,MUS,4.238,0.557,1290988.0,4.067,train
Mauritius,2014,MUS,4.058,0.562,1292006.0,4.206,train
Mauritius,2015,MUS,3.988,0.563,1292283.0,4.21,train
Mauritius,2016,MUS,4.049,0.566,1291807.0,4.342,train
Mauritius,2017,MUS,4.178,0.562,1290654.0,4.54,train
Mauritius,2018,MUS,4.096,0.565,1288836.0,4.455,train
Mauritius,2019,MUS,4.115,0.567,1286269.0,4.525,train
Mauritius,2020,MUS,3.574,0.566,1283231.0,3.8,train
Mauritius,2021,MUS,3.72,0.566,1279628.0,3.968,train
Mauritius,2022,MUS,3.993,0.568,1276134.0,4.317,train
Mauritius,2023,MUS,4.21,0.57,1273591.0,4.588,train
Mauritius,2024,MUS,4.278,0.57,1271171.0,4.674,train
Mexico,2000,MEX,6.614,126.288,98625553.0,391.435,train
Mexico,2001,MEX,6.528,124.883,100099101.0,407.485,train
Mexico,2002,MEX,6.404,125.145,101548627.0,410.301,train
Mexico,2003,MEX,6.559,128.239,102978517.0,435.969,train
Mexico,2004,MEX,6.407,127.414,104394131.0,438.588,train
Mexico,2005,MEX,6.546,129.146,105811504.0,463.436,train
Mexico,2006,MEX,6.616,132.226,107253666.0,474.523,train
Mexico,2007,MEX,6.425,134.533,108774356.0,473.595,train
Mexico,2008,MEX,6.287,138.096,110374286.0,472.981,train
Mexico,2009,MEX,6.019,136.687,111999720.0,460.29,train
Mexico,2010,MEX,5.901,136.679,113623898.0,456.409,train
Mexico,2011,MEX,6.055,139.773,115243503.0,483.302,train
Mexico,2012,MEX,6.087,137.234,116818208.0,501.492,train
Mexico,2013,MEX,5.977,138.822,118343572.0,495.412,train
Mexico,2014,MEX,5.808,139.134,119784265.0,484.045,train
Mexico,2015,MEX,5.651,140.263,121072310.0,479.434,train
Mexico,2016,MEX,5.341,141.776,122251344.0,478.828,train
Mexico,2017,MEX,5.221,142.684,123400052.0,464.407,train
Mexico,2018,MEX,5.14,143.368,124573713.0,468.421,train
Mexico,2019,MEX,5.554,144.505,125762978.0,468.236,train
Mexico,2020,MEX,5.011,146.363,126799053.0,428.937,train
Mexico,2021,MEX,4.941,146.594,127648151.0,446.838,train
Mexico,2022,MEX,4.906,148.504,128613116.0,453.799,train
Mexico,2023,MEX,4.883,150.455,129739761.0,458.254,train
Mexico,2024,MEX,4.858,151.802,130861001.0,460.988,train
Micronesia (country),2000,FSM,2.112,0.047,112067.0,0.18,train
Micronesia (country),2001,FSM,1.978,0.047,112378.0,0.165,train
Micronesia (country),2002,FSM,1.85,0.047,112464.0,0.15,train
Micronesia (country),2003,FSM,1.955,0.047,112298.0,0.161,train
Micronesia (country),2004,FSM,1.798,0.047,111939.0,0.143,train
Micronesia (country),2005,FSM,1.546,0.047,111420.0,0.114,train
Micronesia (country),2006,FSM,1.556,0.047,110739.0,0.114,train
Micronesia (country),2007,FSM,1.707,0.047,109896.0,0.128,train
Micronesia (country),2008,FSM,1.581,0.047,108947.0,0.114,train
Micronesia (country),2009,FSM,1.921,0.049,107968.0,0.147,train
Micronesia (country),2010,FSM,1.517,0.049,107559.0,0.103,train
Micronesia (country),2011,FSM,1.63,0.052,107712.0,0.117,train
Micronesia (country),2012,FSM,1.662,0.052,107908.0,0.128,train
Micronesia (country),2013,FSM,1.725,0.054,108133.0,0.136,train
Micronesia (country),2014,FSM,1.759,0.055,108407.0,0.139,train
Micronesia (country),2015,FSM,1.791,0.055,108727.0,0.143,train
Micronesia (country),2016,FSM,1.792,0.056,109088.0,0.143,train
Micronesia (country),2017,FSM,1.777,0.056,109495.0,0.143,train
Micronesia (country),2018,FSM,1.775,0.056,109925.0,0.143,train
Micronesia (country),2019,FSM,1.791,0.058,110293.0,0.143,train
Micronesia (country),2020,FSM,1.766,0.057,110930.0,0.143,train
Micronesia (country),2021,FSM,1.769,0.058,111635.0,0.143,train
Micronesia (country),2022,FSM,1.787,0.059,112122.0,0.145,train
Micronesia (country),2023,FSM,1.779,0.059,112646.0,0.144,train
Micronesia (country),2024,FSM,1.831,0.059,113171.0,0.151,train
Moldova,2000,MDA,1.307,2.399,4234969.0,3.573,train
Moldova,2001,MDA,1.42,2.269,4189769.0,3.787,train
Moldova,2002,MDA,1.493,2.378,4142937.0,4.052,train
Moldova,2003,MDA,1.594,2.435,4095418.0,4.404,train
Moldova,2004,MDA,1.624,2.345,4046672.0,4.613,train
Moldova,2005,MDA,1.72,2.237,3988668.0,4.938,train
Moldova,2006,MDA,1.752,2.2,3921320.0,5.03,train
Moldova,2007,MDA,1.765,2.166,3851397.0,4.979,train
Moldova,2008,MDA,1.781,1.948,3779503.0,5.19,train
Moldova,2009,MDA,1.676,1.917,3706212.0,4.54,train
Moldova,2010,MDA,1.852,2.122,3631990.0,4.831,train
Moldova,2011,MDA,1.965,2.145,3557278.0,4.945,train
Moldova,2012,MDA,1.46,2.099,3482629.0,4.766,train
Moldova,2013,MDA,1.671,2.076,3408741.0,4.899,train
Moldova,2014,MDA,1.73,2.095,3342715.0,4.755,train
Moldova,2015,MDA,1.755,2.069,3287168.0,4.785,train
Moldova,2016,MDA,1.895,2.073,3237798.0,4.907,train
Moldova,2017,MDA,1.826,2.126,3193500.0,5.09,train
Moldova,2018,MDA,2.094,2.085,3153779.0,5.351,train
Moldova,2019,MDA,2.088,1.985,3112561.0,5.378,train
Moldova,2020,MDA,2.134,1.983,3069135.0,5.113,train
Moldova,2021,MDA,2.477,1.998,3023780.0,5.76,train
Moldova,2022,MDA,2.157,2.02,3039986.0,5.173,train
Moldova,2023,MDA,2.203,2.069,3067072.0,5.329,train
Moldova,2024,MDA,2.207,2.072,3034967.0,5.327,train
Mongolia,2000,MNG,24.047,12.403,2455182.0,7.432,train
Mongolia,2001,MNG,20.613,10.663,2477704.0,7.804,train
Mongolia,2002,MNG,13.153,8.713,2500074.0,8.197,train
Mongolia,2003,MNG,9.597,8.756,2521809.0,7.935,train
Mongolia,2004,MNG,9.153,8.387,2542801.0,8.501,train
Mongolia,2005,MNG,11.407,10.891,2563466.0,8.515,train
Mongolia,2006,MNG,12.361,12.282,2584761.0,9.281,train
Mongolia,2007,MNG,13.676,14.136,2607976.0,11.958,train
Mongolia,2008,MNG,14.579,14.555,2634431.0,11.918,train
Mongolia,2009,MNG,15.633,17.042,2665333.0,13.03,train
Mongolia,2010,MNG,16.708,19.991,2701739.0,13.772,train
Mongolia,2011,MNG,20.336,23.952,2745183.0,21.368,train
Mongolia,2012,MNG,24.352,23.389,2795463.0,34.996,train
Mongolia,2013,MNG,27.033,23.56,2851887.0,43.478,train
Mongolia,2014,MNG,22.725,25.793,2913041.0,29.63,train
Mongolia,2015,MNG,20.05,25.045,2976528.0,23.279,train
Mongolia,2016,MNG,22.551,31.074,3040815.0,25.629,train
Mongolia,2017,MNG,26.345,35.462,3104371.0,34.139,train
Mongolia,2018,MNG,28.643,36.596,3167714.0,45.319,train
Mongolia,2019,MNG,29.985,38.861,3232118.0,47.119,train
Mongolia,2020,MNG,26.768,35.705,3290786.0,42.478,train
Mongolia,2021,MNG,24.413,34.901,3339676.0,35.972,train
Mongolia,2022,MNG,24.974,33.188,3386015.0,40.443,train
Mongolia,2023,MNG,29.963,47.455,3431938.0,44.184,train
Mongolia,2024,MNG,28.257,42.423,3475541.0,44.694,train
Montenegro,2000,MNE,2.112,0.834,634198.0,1.516,validation
Montenegro,2001,MNE,1.859,0.847,634001.0,1.627,validation
Montenegro,2002,MNE,2.131,0.802,633767.0,1.74,validation
Montenegro,2003,MNE,3.132,0.77,633563.0,1.863,validation
Montenegro,2004,MNE,3.578,0.752,633756.0,2.034,validation
Montenegro,2005,MNE,0.81,0.686,634059.0,1.934,validation
Montenegro,2006,MNE,1.381,0.708,633876.0,2.063,validation
Montenegro,2007,MNE,2.099,0.737,633388.0,2.056,validation
Montenegro,2008,MNE,2.724,0.716,632855.0,2.605,validation
Montenegro,2009,MNE,0.763,0.689,632445.0,1.682,validation
Montenegro,2010,MNE,1.788,0.695,632088.0,2.422,validation
Montenegro,2011,MNE,1.886,0.665,632689.0,2.407,validation
Montenegro,2012,MNE,0.897,0.66,633546.0,2.213,validation
Montenegro,2013,MNE,1.056,0.658,633199.0,2.151,validation
Montenegro,2014,MNE,0.778,0.656,631377.0,2.107,validation
Montenegro,2015,MNE,1.284,0.695,628145.0,2.239,validation
Montenegro,2016,MNE,0.805,0.701,624246.0,2.015,validation
Montenegro,2017,MNE,0.858,0.71,620112.0,2.103,validation
Montenegro,2018,MNE,2.982,0.696,615798.0,2.404,validation
Montenegro,2019,MNE,2.977,0.697,611671.0,2.477,validation
Montenegro,2020,MNE,2.907,0.668,607934.0,2.404,validation
Montenegro,2021,MNE,2.568,0.635,603854.0,2.411,validation
Montenegro,2022,MNE,2.386,0.63,614649.0,2.495,validation
Montenegro,2023,MNE,2.058,0.616,633553.0,2.407,validation
Montenegro,2024,MNE,1.913,0.589,638481.0,2.376,validation
Morocco,2000,MAR,1.951,18.688,28423439.0,33.199,train
Morocco,2001,MAR,2.118,19.077,28814646.0,36.809,train
Morocco,2002,MAR,2.7,19.197,29198146.0,37.31,train
Morocco,2003,MAR,2.151,19.674,29571415.0,36.57,train
Morocco,2004,MAR,2.248,20.592,29953021.0,42.226,train
Morocco,2005,MAR,2.253,20.884,30358145.0,44.661,train
Morocco,2006,MAR,2.335,21.437,30771179.0,46.249,train
Morocco,2007,MAR,2.409,21.792,31186468.0,48.913,train
Morocco,2008,MAR,2.486,22.089,31606769.0,51.372,train
Morocco,2009,MAR,2.448,22.461,32030779.0,50.86,train
Morocco,2010,MAR,2.635,23.14,32467009.0,54.365,train
Morocco,2011,MAR,2.853,24.026,32912585.0,54.868,train
Morocco,2012,MAR,2.876,24.495,33355246.0,56.954,train
Morocco,2013,MAR,2.626,25.18,33787573.0,56.606,train
Morocco,2014,MAR,2.582,25.586,34204784.0,57.175,train
Morocco,2015,MAR,3.179,26.133,34607590.0,58.499,train
Morocco,2016,MAR,3.025,26.573,35023459.0,58.457,train
Morocco,2017,MAR,2.794,27.116,35446395.0,61.104,train
Morocco,2018,MAR,2.496,27.724,35839760.0,62.315,train
Morocco,2019,MAR,3.126,28.321,36210907.0,68.743,train
Morocco,2020,MAR,2.83,28.679,36584208.0,64.542,train
Morocco,2021,MAR,2.914,29.259,36954443.0,70.275,train
Morocco,2022,MAR,2.766,29.439,37329068.0,69.779,train
Morocco,2023,MAR,2.704,29.95,37712516.0,68.961,train
Morocco,2024,MAR,2.674,30.335,38081176.0,69.062,train
Mozambique,2000,MOZ,3.637,11.188,18129652.0,1.322,validation
Mozambique,2001,MOZ,4.538,11.826,18537735.0,1.554,validation
Mozambique,2002,MOZ,4.153,13.272,18958338.0,1.537,validation
Mozambique,2003,MOZ,4.085,13.431,19392477.0,1.856,validation
Mozambique,2004,MOZ,4.551,13.141,19840312.0,1.864,validation
Mozambique,2005,MOZ,3.911,14.407,20304577.0,1.77,validation
Mozambique,2006,MOZ,4.11,13.684,20787088.0,1.916,validation
Mozambique,2007,MOZ,4.146,14.004,21287638.0,2.189,validation
Mozambique,2008,MOZ,4.003,14.142,21819037.0,2.18,validation
Mozambique,2009,MOZ,3.687,12.771,22391751.0,2.439,validation
Mozambique,2010,MOZ,3.353,13.634,22999234.0,2.638,validation
Mozambique,2011,MOZ,3.137,17.046,23649045.0,3.107,validation
Mozambique,2012,MOZ,3.041,19.265,24337849.0,3.052,validation
Mozambique,2013,MOZ,3.056,20.526,25051613.0,3.579,validation
Mozambique,2014,MOZ,3.191,21.027,25788473.0,8.118,validation
Mozambique,2015,MOZ,2.65,20.459,26547576.0,6.731,validation
Mozambique,2016,MOZ,2.37,19.762,27337107.0,8.548,validation
Mozambique,2017,MOZ,2.242,22.329,28166397.0,6.905,validation
Mozambique,2018,MOZ,2.091,25.877,29018647.0,7.01,validation
Mozambique,2019,MOZ,1.794,22.871,29884378.0,7.097,validation
Mozambique,2020,MOZ,1.574,21.214,30783685.0,6.34,validation
Mozambique,2021,MOZ,1.643,23.234,31707798.0,7.722,validation
Mozambique,2022,MOZ,1.879,25.724,32656242.0,9.296,validation
Mozambique,2023,MOZ,1.789,26.055,33635163.0,9.093,validation
Mozambique,2024,MOZ,1.745,27.083,34631767.0,8.613,validation
Myanmar,2000,MMR,4.439,54.401,45290850.0,10.219,train
Myanmar,2001,MMR,4.174,55.609,45771140.0,8.856,train
Myanmar,2002,MMR,4.177,56.235,46232656.0,9.328,train
Myanmar,2003,MMR,4.33,58.03,46667191.0,9.997,train
Myanmar,2004,MMR,4.649,59.752,47068779.0,12.565,train
Myanmar,2005,MMR,5.119,62.453,47438362.0,11.548,train
Myanmar,2006,MMR,5.75,66.098,47785141.0,12.817,train
Myanmar,2007,MMR,5.881,67.683,48125047.0,12.845,train
Myanmar,2008,MMR,5.566,68.598,48390790.0,9.772,train
Myanmar,2009,MMR,5.152,69.534,48660458.0,10.211,train
Myanmar,2010,MMR,4.958,70.542,49024376.0,13.125,train
Myanmar,2011,MMR,4.788,68.952,49419825.0,15.122,train
Myanmar,2012,MMR,4.516,68.663,49837451.0,11.826,train
Myanmar,2013,MMR,4.478,69.486,50262658.0,12.715,train
Myanmar,2014,MMR,4.427,70.67,50681635.0,15.849,train
Myanmar,2015,MMR,4.557,72.279,51089060.0,21.88,train
Myanmar,2016,MMR,4.583,73.467,51495701.0,21.144,train
Myanmar,2017,MMR,4.59,76.12,51894939.0,23.633,train
Myanmar,2018,MMR,3.943,58.391,52272250.0,34.017,train
Myanmar,2019,MMR,3.733,58.05,52640718.0,33.617,train
Myanmar,2020,MMR,3.75,58.284,53016525.0,34.588,train
Myanmar,2021,MMR,3.611,59.538,53387103.0,29.285,train
Myanmar,2022,MMR,3.574,58.693,53756791.0,31.639,train
Myanmar,2023,MMR,3.471,55.395,54133800.0,31.793,train
Myanmar,2024,MMR,3.4,56.521,54500086.0,31.603,train
Namibia,2000,NAM,7.303,5.435,1818650.0,1.718,train
Namibia,2001,NAM,7.12,5.084,1857059.0,2.231,train
Namibia,2002,NAM,6.47,4.61,1889976.0,1.971,train
Namibia,2003,NAM,6.667,4.874,1917469.0,2.092,train
Namibia,2004,NAM,6.907,5.148,1942087.0,2.239,train
Namibia,2005,NAM,7.273,5.672,1966581.0,2.532,train
Namibia,2006,NAM,7.885,6.22,1991890.0,2.524,train
Namibia,2007,NAM,7.359,5.824,2018607.0,2.327,train
Namibia,2008,NAM,6.935,4.967,2047059.0,2.858,train
Namibia,2009,NAM,8.284,6.507,2077400.0,2.66,train
Namibia,2010,NAM,7.909,6.077,2109815.0,2.788,train
Namibia,2011,NAM,10.208,8.671,2146331.0,2.786,train
Namibia,2012,NAM,10.717,9.501,2194656.0,3.194,train
Namibia,2013,NAM,6.985,5.484,2252505.0,3.004,train
Namibia,2014,NAM,6.556,5.085,2312143.0,3.099,train
Namibia,2015,NAM,6.482,5.028,2374305.0,3.394,train
Namibia,2016,NAM,6.623,5.376,2439219.0,3.582,train
Namibia,2017,NAM,6.497,5.375,2506854.0,3.59,train
Namibia,2018,NAM,6.019,4.872,2577327.0,3.635,train
Namibia,2019,NAM,5.627,4.45,2650499.0,3.73,train
Namibia,2020,NAM,6.564,6.026,2728760.0,3.44,train
Namibia,2021,NAM,6.826,6.601,2810552.0,3.608,train
Namibia,2022,NAM,6.008,5.606,2889668.0,3.414,train
Namibia,2023,NAM,5.769,5.533,2963102.0,3.443,train
Namibia,2024,NAM,5.86,6.167,3030127.0,3.469,train
Nauru,2000,NRU,8.831,0.002,10187.0,0.088,test
Nauru,2001,NRU,8.153,0.002,10147.0,0.081,test
Nauru,2002,NRU,7.831,0.002,10105.0,0.077,test
Nauru,2003,NRU,6.759,0.002,10086.0,0.066,test
Nauru,2004,NRU,6.394,0.002,10084.0,0.062,test
Nauru,2005,NRU,6.397,0.002,10071.0,0.062,test
Nauru,2006,NRU,4.577,0.002,10061.0,0.044,test
Nauru,2007,NRU,4.227,0.002,10042.0,0.04,test
Nauru,2008,NRU,4.236,0.002,10032.0,0.04,test
Nauru,2009,NRU,4.235,0.002,10041.0,0.04,test
Nauru,2010,NRU,4.593,0.002,10067.0,0.044,test
Nauru,2011,NRU,4.209,0.002,10116.0,0.04,test
Nauru,2012,NRU,4.141,0.002,10289.0,0.04,test
Nauru,2013,NRU,4.741,0.002,10539.0,0.048,test
Nauru,2014,NRU,4.984,0.002,10766.0,0.051,test
Nauru,2015,NRU,5.226,0.002,10975.0,0.055,test
Nauru,2016,NRU,4.807,0.002,11173.0,0.051,test
Nauru,2017,NRU,5.056,0.002,11351.0,0.055,test
Nauru,2018,NRU,4.991,0.002,11499.0,0.055,test
Nauru,2019,NRU,4.63,0.002,11609.0,0.051,test
Nauru,2020,NRU,4.923,0.002,11665.0,0.055,test
Nauru,2021,NRU,4.897,0.002,11727.0,0.055,test
Nauru,2022,NRU,5.2,0.002,11822.0,0.059,test
Nauru,2023,NRU,5.143,0.002,11900.0,0.059,test
Nauru,2024,NRU,5.339,0.002,11968.0,0.061,test
Nepal,2000,NPL,1.974,22.005,24546509.0,3.037,train
Nepal,2001,NPL,1.911,22.361,24946755.0,3.236,train
Nepal,2002,NPL,1.848,22.612,25328989.0,2.596,train
Nepal,2003,NPL,1.891,23.057,25688762.0,2.81,train
Nepal,2004,NPL,1.828,23.268,26016652.0,2.582,train
Nepal,2005,NPL,1.859,23.649,26309462.0,2.987,train
Nepal,2006,NPL,1.77,23.639,26565430.0,2.456,train
Nepal,2007,NPL,1.789,24.402,26788498.0,2.57,train
Nepal,2008,NPL,1.806,24.807,26990036.0,3.355,train
Nepal,2009,NPL,1.804,25.088,27173035.0,4.126,train
Nepal,2010,NPL,1.864,25.525,27341955.0,4.828,train
Nepal,2011,NPL,1.818,26.075,27464499.0,5.217,train
Nepal,2012,NPL,1.724,25.601,27534916.0,5.47,train
Nepal,2013,NPL,1.735,26.43,27589997.0,6.218,train
Nepal,2014,NPL,1.758,26.236,27672373.0,7.588,train
Nepal,2015,NPL,1.76,26.095,27823631.0,6.905,train
Nepal,2016,NPL,1.913,26.927,27955471.0,10.088,train
Nepal,2017,NPL,1.952,26.807,28011258.0,12.422,train
Nepal,2018,NPL,1.968,27.216,28079688.0,14.039,train
Nepal,2019,NPL,1.909,27.351,28414066.0,12.75,train
Nepal,2020,NPL,1.988,27.653,28966580.0,15.631,train
Nepal,2021,NPL,1.947,27.789,29475016.0,15.486,train
Nepal,2022,NPL,1.971,27.656,29715435.0,17.609,train
Nepal,2023,NPL,1.99,27.782,29694614.0,18.348,train
Nepal,2024,NPL,1.984,27.906,29651054.0,18.776,train
Netherlands,2000,NLD,13.756,29.512,16058757.0,172.154,validation
Netherlands,2001,NLD,13.916,28.794,16182705.0,177.464,validation
Netherlands,2002,NLD,13.738,27.431,16288060.0,176.738,validation
Netherlands,2003,NLD,13.967,26.406,16366914.0,180.169,validation
Netherlands,2004,NLD,14.102,26.109,16425562.0,182.09,validation
Netherlands,2005,NLD,13.832,24.293,16465707.0,178.13,validation
Netherlands,2006,NLD,13.53,23.782,16493851.0,173.279,validation
Netherlands,2007,NLD,13.35,23.518,16531360.0,173.028,validation
Netherlands,2008,NLD,13.116,23.729,16597259.0,175.904,validation
Netherlands,2009,NLD,12.699,23.264,16684148.0,170.433,validation
Netherlands,2010,NLD,13.278,23.254,16771232.0,182.479,validation
Netherlands,2011,NLD,12.346,22.593,16851061.0,169.346,validation
Netherlands,2012,NLD,12.123,22.313,16915191.0,165.752,validation
Netherlands,2013,NLD,12.01,22.363,16967066.0,164.925,validation
Netherlands,2014,NLD,11.541,22.218,17030085.0,157.503,validation
Netherlands,2015,NLD,11.902,22.09,17107429.0,163.958,validation
Netherlands,2016,NLD,11.906,22.899,17204693.0,164.812,validation
Netherlands,2017,NLD,11.586,22.16,17315376.0,162.296,validation
Netherlands,2018,NLD,11.194,21.52,17421285.0,158.264,validation
Netherlands,2019,NLD,10.746,20.925,17537505.0,152.727,validation
Netherlands,2020,NLD,9.725,19.995,17636732.0,136.974,validation
Netherlands,2021,NLD,9.816,19.835,17730565.0,139.886,validation
Netherlands,2022,NLD,8.997,19.755,17904421.0,127.503,validation
Netherlands,2023,NLD,8.296,19.473,18092526.0,117.016,validation
Netherlands,2024,NLD,8.075,19.054,18228740.0,114.785,validation
New Zealand,2000,NZL,24.454,36.186,3857576.0,32.221,train
New Zealand,2001,NZL,29.252,36.589,3891763.0,34.356,train
New Zealand,2002,NZL,26.212,37.43,3951116.0,34.519,train
New Zealand,2003,NZL,24.863,37.541,4022585.0,36.22,train
New Zealand,2004,NZL,22.394,37.671,4083912.0,35.806,train
New Zealand,2005,NZL,21.28,37.766,4135002.0,37.401,train
New Zealand,2006,NZL,23.25,38.283,4181943.0,37.304,train
New Zealand,2007,NZL,21.49,37.973,4223270.0,36.383,train
New Zealand,2008,NZL,23.24,36.917,4261819.0,37.485,train
New Zealand,2009,NZL,20.709,37.393,4304304.0,34.594,train
New Zealand,2010,NZL,19.922,37.589,4347766.0,34.787,train
New Zealand,2011,NZL,20.345,37.693,4382699.0,34.241,train
New Zealand,2012,NZL,20.404,37.918,4411682.0,35.918,train
New Zealand,2013,NZL,20.62,37.329,4453857.0,35.219,train
New Zealand,2014,NZL,20.067,37.788,4522976.0,35.399,train
New Zealand,2015,NZL,19.311,36.805,4614035.0,35.805,train
New Zealand,2016,NZL,18.758,37.023,4714768.0,34.135,train
New Zealand,2017,NZL,18.909,36.864,4812749.0,35.661,train
New Zealand,2018,NZL,18.654,36.891,4900840.0,35.687,train
New Zealand,2019,NZL,18.285,36.327,4989410.0,36.711,train
New Zealand,2020,NZL,18.021,35.729,5069895.0,34.109,train
New Zealand,2021,NZL,17.476,35.701,5107694.0,34.597,train
New Zealand,2022,NZL,16.383,35.275,5131731.0,31.966,train
New Zealand,2023,NZL,15.895,34.903,5172837.0,31.56,train
New Zealand,2024,NZL,15.713,34.596,5213942.0,32.479,train
Nicaragua,2000,NIC,19.139,7.07,5022636.0,3.71,train
Nicaragua,2001,NIC,17.358,7.112,5087827.0,3.909,train
Nicaragua,2002,NIC,15.941,7.22,5149914.0,3.976,train
Nicaragua,2003,NIC,15.963,7.525,5210970.0,4.31,train
Nicaragua,2004,NIC,13.31,7.313,5272909.0,4.362,train
Nicaragua,2005,NIC,11.166,7.641,5342108.0,4.253,train
Nicaragua,2006,NIC,10.718,7.758,5418857.0,4.407,train
Nicaragua,2007,NIC,9.449,7.783,5497247.0,4.54,train
Nicaragua,2008,NIC,7.933,7.849,5576597.0,4.353,train
Nicaragua,2009,NIC,7.862,7.921,5656602.0,4.432,train
Nicaragua,2010,NIC,7.638,8.096,5737451.0,4.453,train
Nicaragua,2011,NIC,7.105,8.768,5819051.0,4.789,train
Nicaragua,2012,NIC,6.742,9.084,5901290.0,4.534,train
Nicaragua,2013,NIC,6.208,9.523,5983852.0,4.586,train
Nicaragua,2014,NIC,5.729,9.936,6066493.0,4.72,train
Nicaragua,2015,NIC,6.549,10.29,6149417.0,5.408,train
Nicaragua,2016,NIC,6.459,10.339,6232664.0,5.379,train
Nicaragua,2017,NIC,6.48,10.238,6316235.0,5.441,train
Nicaragua,2018,NIC,5.737,10.474,6400074.0,5.178,train
Nicaragua,2019,NIC,5.589,10.694,6483660.0,5.208,train
Nicaragua,2020,NIC,5.223,11.024,6565267.0,4.641,train
Nicaragua,2021,NIC,5.237,11.145,6644745.0,5.133,train
Nicaragua,2022,NIC,5.453,11.291,6730662.0,5.131,train
Nicaragua,2023,NIC,5.506,11.313,6823619.0,5.428,train
Nicaragua,2024,NIC,5.587,11.545,6916136.0,5.63,train
Niger,2000,NER,2.518,11.362,11509634.0,0.683,train
Niger,2001,NER,2.3,11.844,11920648.0,0.646,train
Niger,2002,NER,2.303,12.287,12349150.0,0.685,train
Niger,2003,NER,2.181,12.806,12796979.0,0.744,train
Niger,2004,NER,1.904,13.355,13265843.0,0.795,train
Niger,2005,NER,1.737,13.872,13756192.0,0.691,train
Niger,2006,NER,2.432,14.369,14268583.0,0.671,train
Niger,2007,NER,1.948,15.02,14803604.0,0.706,train
Niger,2008,NER,1.677,15.672,15361921.0,0.792,train
Niger,2009,NER,1.779,16.374,15943673.0,0.952,train
Niger,2010,NER,2.355,16.036,16548833.0,1.16,train
Niger,2011,NER,2.945,16.621,17176286.0,1.313,train
Niger,2012,NER,3.238,17.534,17836770.0,1.852,train
Niger,2013,NER,2.676,18.643,18519899.0,2.078,train
Niger,2014,NER,2.789,19.504,19215917.0,2.256,train
Niger,2015,NER,2.988,20.259,19939496.0,2.199,train
Niger,2016,NER,2.927,21.258,20685758.0,2.142,train
Niger,2017,NER,2.621,22.244,21435449.0,2.243,train
Niger,2018,NER,2.327,23.292,22188074.0,1.803,train
Niger,2019,NER,2.162,24.37,22947765.0,2.513,train
Niger,2020,NER,2.097,25.584,23717615.0,3.04,train
Niger,2021,NER,1.99,26.809,24502145.0,2.588,train
Niger,2022,NER,2.005,27.946,25311978.0,3.201,train
Niger,2023,NER,1.966,29.02,26159863.0,3.133,train
Niger,2024,NER,1.929,30.244,27032417.0,3.17,train
Nigeria,2000,NGA,4.445,286.267,126382490.0,96.831,validation
Nigeria,2001,NGA,4.103,285.049,129862594.0,100.218,validation
Nigeria,2002,NGA,3.451,242.577,133471995.0,89.906,validation
Nigeria,2003,NGA,3.599,267.581,137202646.0,100.03,validation
Nigeria,2004,NGA,3.406,261.971,141057045.0,94.962,validation
Nigeria,2005,NGA,3.202,255.255,145017256.0,101.666,validation
Nigeria,2006,NGA,2.92,238.028,149077335.0,90.097,validation
Nigeria,2007,NGA,2.637,224.094,153267254.0,82.17,validation
Nigeria,2008,NGA,2.754,219.135,157595014.0,86.489,validation
Nigeria,2009,NGA,2.082,212.871,162049466.0,77.031,validation
Nigeria,2010,NGA,2.229,222.123,166642888.0,112.05,validation
Nigeria,2011,NGA,2.208,233.312,171379602.0,126.115,validation
Nigeria,2012,NGA,2.049,238.341,176200627.0,110.125,validation
Nigeria,2013,NGA,1.989,228.363,181049440.0,117.401,validation
Nigeria,2014,NGA,2.004,231.686,185896917.0,123.971,validation
Nigeria,2015,NGA,1.902,230.338,190671883.0,110.525,validation
Nigeria,2016,NGA,1.863,221.453,195443698.0,116.396,validation
Nigeria,2017,NGA,1.884,225.834,200254580.0,112.54,validation
Nigeria,2018,NGA,1.875,229.374,204938752.0,106.786,validation
Nigeria,2019,NGA,1.952,237.142,209485637.0,127.859,validation
Nigeria,2020,NGA,1.862,216.406,213996185.0,124.899,validation
Nigeria,2021,NGA,1.856,210.478,218529286.0,147.777,validation
Nigeria,2022,NGA,1.72,202.906,223150906.0,131.441,validation
Nigeria,2023,NGA,1.711,208.27,227882949.0,129.376,validation
Nigeria,2024,NGA,1.653,193.667,232679482.0,135.824,validation
Niue,2000,NIU,4.609,0.001,2068.0,0.007,train
Niue,2001,NIU,4.697,0.001,2007.0,0.007,train
Niue,2002,NIU,4.734,0.001,1965.0,0.007,train
Niue,2003,NIU,2.853,0.001,1928.0,0.004,train
Niue,2004,NIU,2.891,0.001,1891.0,0.004,train
Niue,2005,NIU,3.14,0.001,1849.0,0.004,train
Niue,2006,NIU,3.576,0.001,1818.0,0.004,train
Niue,2007,NIU,3.85,0.001,1810.0,0.004,train
Niue,2008,NIU,6.049,0.001,1805.0,0.007,train
Niue,2009,NIU,4.117,0.001,1801.0,0.004,train
Niue,2010,NIU,3.958,0.001,1786.0,0.004,train
Niue,2011,NIU,3.599,0.001,1776.0,0.004,train
Niue,2012,NIU,3.457,0.001,1784.0,0.004,train
Niue,2013,NIU,5.456,0.001,1786.0,0.007,train
Niue,2014,NIU,5.395,0.001,1792.0,0.007,train
Niue,2015,NIU,5.314,0.001,1803.0,0.007,train
Niue,2016,NIU,5.276,0.001,1806.0,0.007,train
Niue,2017,NIU,5.26,0.001,1803.0,0.007,train
Niue,2018,NIU,5.187,0.001,1805.0,0.007,train
Niue,2019,NIU,5.028,0.001,1814.0,0.007,train
Niue,2020,NIU,4.887,0.001,1822.0,0.007,train
Niue,2021,NIU,4.781,0.001,1836.0,0.007,train
Niue,2022,NIU,4.686,0.001,1844.0,0.007,train
Niue,2023,NIU,4.607,0.001,1841.0,0.007,train
Niue,2024,NIU,4.712,0.001,1841.0,0.008,train
North Korea,2000,PRK,4.385,23.426,23665909.0,69.165,test
North Korea,2001,PRK,4.474,24.053,23815364.0,71.668,test
North Korea,2002,PRK,4.278,23.571,23943975.0,68.642,test
North Korea,2003,PRK,4.379,24.054,24090382.0,70.143,test
North Korea,2004,PRK,4.687,24.803,24254946.0,71.722,test
North Korea,2005,PRK,4.714,26.28,24396434.0,75.01,test
North Korea,2006,PRK,4.717,26.558,24524508.0,76.17,test
North Korea,2007,PRK,4.365,24.275,24646384.0,63.478,test
North Korea,2008,PRK,4.546,25.149,24764620.0,70.326,test
North Korea,2009,PRK,4.39,24.81,24878338.0,67.66,test
North Korea,2010,PRK,4.1,25.011,24987257.0,65.355,test
North Korea,2011,PRK,3.401,24.31,25097877.0,47.867,test
North Korea,2012,PRK,3.284,23.955,25211737.0,46.755,test
North Korea,2013,PRK,2.834,24.207,25329456.0,36.144,test
North Korea,2014,PRK,2.938,24.385,25451263.0,39.825,test
North Korea,2015,PRK,2.579,23.819,25575355.0,31.278,test
North Korea,2016,PRK,2.712,25.602,25698325.0,34.236,test
North Korea,2017,PRK,4.037,24.2,25817710.0,69.708,test
North Korea,2018,PRK,3.633,21.783,25931153.0,62.608,test
North Korea,2019,PRK,3.929,23.29,26037633.0,69.512,test
North Korea,2020,PRK,3.719,22.534,26136312.0,65.577,test
North Korea,2021,PRK,3.144,20.394,26232530.0,53.97,test
North Korea,2022,PRK,3.273,20.716,26328843.0,56.289,test
North Korea,2023,PRK,3.434,20.129,26418196.0,62.025,test
North Korea,2024,PRK,3.389,18.97,26498832.0,62.55,test
North Macedonia,2000,MKD,6.744,1.969,2057254.0,8.468,test
North Macedonia,2001,MKD,6.894,1.92,2066300.0,8.292,test
North Macedonia,2002,MKD,5.903,1.893,2074482.0,7.837,test
North Macedonia,2003,MKD,5.775,1.912,2081417.0,8.533,test
North Macedonia,2004,MKD,5.625,1.927,2086581.0,8.229,test
North Macedonia,2005,MKD,5.445,1.889,2089809.0,8.596,test
North Macedonia,2006,MKD,5.234,1.915,2089232.0,8.651,test
North Macedonia,2007,MKD,5.509,1.916,2081972.0,9.013,test
North Macedonia,2008,MKD,5.298,1.92,2070837.0,8.936,test
North Macedonia,2009,MKD,6.111,1.846,2060601.0,8.248,test
North Macedonia,2010,MKD,5.434,1.89,2051510.0,8.182,test
North Macedonia,2011,MKD,7.911,1.961,2040445.0,8.823,test
North Macedonia,2012,MKD,6.588,1.937,2027288.0,8.457,test
North Macedonia,2013,MKD,5.633,1.892,2013280.0,7.452,test
North Macedonia,2014,MKD,5.407,1.823,1997842.0,7.167,test
North Macedonia,2015,MKD,5.136,1.833,1980366.0,6.72,test
North Macedonia,2016,MKD,4.922,1.816,1961268.0,6.606,test
North Macedonia,2017,MKD,5.135,1.849,1940877.0,7.09,test
North Macedonia,2018,MKD,4.878,1.808,1919730.0,6.654,test
North Macedonia,2019,MKD,5.245,1.704,1897643.0,7.625,test
North Macedonia,2020,MKD,4.962,1.716,1872021.0,6.98,test
North Macedonia,2021,MKD,4.628,1.619,1851109.0,6.518,test
North Macedonia,2022,MKD,4.988,1.609,1840236.0,7.352,test
North Macedonia,2023,MKD,4.898,1.567,1831800.0,7.338,test
North Macedonia,2024,MKD,4.43,1.528,1823011.0,6.62,test
Norway,2000,NOR,12.594,8.508,4490864.0,42.131,train
Norway,2001,NOR,13.042,9.249,4513650.0,43.519,train
Norway,2002,NOR,12.813,9.62,4538016.0,42.571,train
Norway,2003,NOR,13.281,10.366,4564666.0,43.919,train
Norway,2004,NOR,13.304,10.451,4591739.0,44.257,train
Norway,2005,NOR,12.941,9.661,4623120.0,43.279,train
Norway,2006,NOR,13.049,10.241,4660487.0,43.859,train
Norway,2007,NOR,13.475,11.076,4709017.0,45.605,train
Norway,2008,NOR,13.067,10.868,4768097.0,44.692,train
Norway,2009,NOR,12.436,10.372,4828625.0,43.098,train
Norway,2010,NOR,12.883,10.092,4889160.0,45.659,train
Norway,2011,NOR,12.4,9.638,4952969.0,44.775,train
Norway,2012,NOR,11.927,8.336,5018453.0,44.258,train
Norway,2013,NOR,11.939,8.41,5080126.0,44.539,train
Norway,2014,NOR,11.939,8.3,5137397.0,44.975,train
Norway,2015,NOR,12.032,8.408,5189777.0,45.523,train
Norway,2016,NOR,11.8,8.323,5235974.0,44.708,train
Norway,2017,NOR,11.693,8.233,5276807.0,44.197,train
Norway,2018,NOR,11.685,8.349,5311751.0,44.472,train
Norway,2019,NOR,11.312,7.916,5347733.0,42.866,train
Norway,2020,NOR,10.946,8.042,5379275.0,41.275,train
Norway,2021,NOR,11.027,8.205,5408082.0,41.058,train
Norway,2022,NOR,10.94,8.234,5456796.0,40.833,train
Norway,2023,NOR,10.489,8.263,5519167.0,38.869,train
Norway,2024,NOR,10.076,8.397,5576656.0,37.183,train
Oman,2000,OMN,21.723,24.945,2282139.0,23.984,train
Oman,2001,OMN,21.521,26.549,2310223.0,22.512,train
Oman,2002,OMN,23.432,27.148,2337144.0,26.979,train
Oman,2003,OMN,27.687,30.27,2363801.0,34.563,train
Oman,2004,OMN,24.441,28.932,2404822.0,29.247,train
Oman,2005,OMN,24.572,27.995,2459808.0,31.835,train
Oman,2006,OMN,26.539,25.6,2514794.0,40.45,train
Oman,2007,OMN,27.211,23.856,2570175.0,45.308,train
Oman,2008,OMN,27.547,24.06,2626536.0,47.436,train
Oman,2009,OMN,25.672,23.588,2684665.0,44.504,train
Oman,2010,OMN,27.479,23.428,2757450.0,51.429,train
Oman,2011,OMN,26.831,24.31,3076762.0,57.305,train
Oman,2012,OMN,25.248,25.469,3547104.0,63.105,train
Oman,2013,OMN,24.373,26.736,3833915.0,65.587,train
Oman,2014,OMN,23.602,26.999,4002444.0,66.19,train
Oman,2015,OMN,23.276,28.245,4184898.0,67.883,train
Oman,2016,OMN,22.07,29.245,4390880.0,66.24,train
Oman,2017,OMN,21.296,28.851,4537397.0,66.344,train
Oman,2018,OMN,22.026,29.189,4597878.0,70.678,train
Oman,2019,OMN,22.358,29.215,4591248.0,72.035,train
Oman,2020,OMN,22.583,28.935,4522502.0,71.845,train
Oman,2021,OMN,23.576,29.6,4500429.0,75.041,train
Oman,2022,OMN,23.563,31.962,4730229.0,77.994,train
Oman,2023,OMN,22.435,31.944,5049267.0,79.811,train
Oman,2024,OMN,22.17,32.877,5281542.0,82.662,train
Pakistan,2000,PAK,1.731,114.16,154879124.0,103.94,train
Pakistan,2001,PAK,1.683,114.965,159270910.0,105.401,train
Pakistan,2002,PAK,1.701,119.127,163222552.0,110.566,train
Pakistan,2003,PAK,1.662,123.496,167110250.0,113.142,train
Pakistan,2004,PAK,1.699,126.702,171285999.0,124.637,train
Pakistan,2005,PAK,1.736,130.2,175453212.0,129.947,train
Pakistan,2006,PAK,1.787,138.481,179682690.0,137.912,train
Pakistan,2007,PAK,1.783,140.902,184493231.0,148.349,train
Pakistan,2008,PAK,1.774,146.053,189499112.0,147.901,train
Pakistan,2009,PAK,1.774,149.245,194376535.0,148.355,train
Pakistan,2010,PAK,1.786,149.038,199239048.0,147.504,train
Pakistan,2011,PAK,1.785,154.727,203746069.0,149.488,train
Pakistan,2012,PAK,1.769,158.155,207667129.0,150.555,train
Pakistan,2013,PAK,1.762,164.96,211073979.0,148.183,train
Pakistan,2014,PAK,1.765,170.333,214264649.0,150.81,train
Pakistan,2015,PAK,1.785,174.168,217290884.0,144.896,train
Pakistan,2016,PAK,1.935,178.868,220138863.0,176.741,train
Pakistan,2017,PAK,2.084,184.139,223273974.0,211.981,train
Pakistan,2018,PAK,2.005,189.753,226928893.0,203.5,train
Pakistan,2019,PAK,1.971,194.791,230800908.0,190.826,train
Pakistan,2020,PAK,2.055,202.847,235001745.0,215.51,train
Pakistan,2021,PAK,2.164,209.771,239477805.0,243.552,train
Pakistan,2022,PAK,2.01,213.51,243700667.0,211.97,train
Pakistan,2023,PAK,1.914,222.759,247504505.0,186.861,train
Pakistan,2024,PAK,1.886,228.614,251269160.0,179.8,train
Palau,2000,PLW,15.05,0.08,19206.0,0.209,test
Palau,2001,PLW,14.958,0.077,19379.0,0.213,test
Palau,2002,PLW,12.935,0.04,19527.0,0.213,test
Palau,2003,PLW,13.066,0.045,19683.0,0.213,test
Palau,2004,PLW,13.086,0.047,19841.0,0.213,test
Palau,2005,PLW,15.129,0.077,19837.0,0.224,test
Palau,2006,PLW,15.374,0.074,19616.0,0.227,test
Palau,2007,PLW,16.02,0.057,19324.0,0.253,test
Palau,2008,PLW,13.853,0.058,19031.0,0.205,test
Palau,2009,PLW,14.37,0.075,18736.0,0.194,test
Palau,2010,PLW,14.623,0.061,18420.0,0.209,test
Palau,2011,PLW,14.706,0.054,18099.0,0.213,test
Palau,2012,PLW,19.374,0.058,17791.0,0.224,test
Palau,2013,PLW,16.215,0.031,17670.0,0.227,test
Palau,2014,PLW,15.628,0.032,17740.0,0.22,test
Palau,2015,PLW,14.74,0.037,17791.0,0.202,test
Palau,2016,PLW,15.038,0.036,17824.0,0.209,test
Palau,2017,PLW,15.591,0.037,17838.0,0.216,test
Palau,2018,PLW,15.24,0.034,17843.0,0.213,test
Palau,2019,PLW,15.582,0.036,17821.0,0.216,test
Palau,2020,PLW,15.239,0.037,17817.0,0.209,test
Palau,2021,PLW,15.511,0.037,17809.0,0.213,test
Palau,2022,PLW,15.989,0.039,17784.0,0.217,test
Palau,2023,PLW,15.857,0.036,17751.0,0.216,test
Palau,2024,PLW,16.579,0.038,17719.0,0.226,test
Panama,2000,PAN,9.125,3.199,3010376.0,5.636,train
Panama,2001,PAN,8.332,3.51,3069545.0,6.909,train
Panama,2002,PAN,7.195,3.535,3129343.0,5.71,train
Panama,2003,PAN,6.845,3.533,3189813.0,5.929,train
Panama,2004,PAN,6.14,3.527,3251158.0,5.505,train
Panama,2005,PAN,5.82,3.644,3313024.0,6.742,train
Panama,2006,PAN,6.99,3.69,3375024.0,7.282,train
Panama,2007,PAN,6.133,3.669,3437490.0,7.134,train
Panama,2008,PAN,6.854,3.829,3500646.0,6.809,train
Panama,2009,PAN,9.317,3.896,3564383.0,8.051,train
Panama,2010,PAN,6.933,3.949,3628537.0,9.06,train
Panama,2011,PAN,5.368,4.127,3693509.0,9.899,train
Panama,2012,PAN,5.802,4.169,3759261.0,9.54,train
Panama,2013,PAN,5.878,4.205,3825333.0,10.274,train
Panama,2014,PAN,5.498,4.088,3892100.0,10.689,train
Panama,2015,PAN,5.37,4.0,3960034.0,10.652,train
Panama,2016,PAN,5.272,4.049,4029085.0,10.334,train
Panama,2017,PAN,4.987,4.027,4098704.0,9.568,train
Panama,2018,PAN,4.465,4.114,4167860.0,9.121,train
Panama,2019,PAN,5.037,4.072,4234698.0,12.449,train
Panama,2020,PAN,4.014,4.094,4293258.0,6.557,train
Panama,2021,PAN,4.493,4.13,4345410.0,10.145,train
Panama,2022,PAN,4.673,4.164,4400775.0,11.707,train
Panama,2023,PAN,4.829,4.2,4458758.0,13.002,train
Panama,2024,PAN,4.684,4.23,4515576.0,12.664,train
Papua New Guinea,2000,PNG,6.763,3.152,5537068.0,2.938,train
Papua New Guinea,2001,PNG,6.549,2.645,5728444.0,3.336,train
Papua New Guinea,2002,PNG,6.058,2.931,5924010.0,3.666,train
Papua New Guinea,2003,PNG,5.875,2.728,6124005.0,4.053,train
Papua New Guinea,2004,PNG,6.331,2.98,6328042.0,4.687,train
Papua New Guinea,2005,PNG,6.597,3.857,6535905.0,4.984,train
Papua New Guinea,2006,PNG,9.946,4.392,6747724.0,5.051,train
Papua New Guinea,2007,PNG,8.628,3.514,6963353.0,6.581,train
Papua New Guinea,2008,PNG,8.455,4.295,7183002.0,5.545,train
Papua New Guinea,2009,PNG,6.643,2.783,7406442.0,5.265,train
Papua New Guinea,2010,PNG,5.455,2.466,7633524.0,4.715,train
Papua New Guinea,2011,PNG,5.434,2.461,7859349.0,5.298,train
Papua New Guinea,2012,PNG,5.346,2.482,8081396.0,4.372,train
Papua New Guinea,2013,PNG,5.606,2.568,8302700.0,4.532,train
Papua New Guinea,2014,PNG,5.758,3.259,8523440.0,6.125,train
Papua New Guinea,2015,PNG,5.401,3.841,8743247.0,6.316,train
Papua New Guinea,2016,PNG,8.408,3.835,8961717.0,7.024,train
Papua New Guinea,2017,PNG,6.016,3.857,9178717.0,6.55,train
Papua New Guinea,2018,PNG,5.16,3.727,9394518.0,7.596,train
Papua New Guinea,2019,PNG,4.806,3.826,9609014.0,7.583,train
Papua New Guinea,2020,PNG,4.589,3.78,9815743.0,7.911,train
Papua New Guinea,2021,PNG,4.481,3.827,10012898.0,7.873,train
Papua New Guinea,2022,PNG,4.094,3.831,10203177.0,8.436,train
Papua New Guinea,2023,PNG,4.229,3.81,10389638.0,8.358,train
Papua New Guinea,2024,PNG,4.121,3.821,10576509.0,8.345,train
Paraguay,2000,PRY,15.984,17.144,5100875.0,3.592,train
Paraguay,2001,PRY,16.031,18.229,5187690.0,3.687,train
Paraguay,2002,PRY,15.189,17.476,5261334.0,3.853,train
Paraguay,2003,PRY,15.668,19.007,5326437.0,4.026,train
Paraguay,2004,PRY,14.61,17.701,5388181.0,4.058,train
Paraguay,2005,PRY,14.307,18.461,5448100.0,3.772,train
Paraguay,2006,PRY,14.148,19.287,5505145.0,3.901,train
Paraguay,2007,PRY,15.704,20.95,5559385.0,4.041,train
Paraguay,2008,PRY,13.862,20.475,5613577.0,4.27,train
Paraguay,2009,PRY,14.728,21.462,5671243.0,4.525,train
Paraguay,2010,PRY,14.541,22.588,5737973.0,5.011,train
Paraguay,2011,PRY,14.501,22.964,5814632.0,5.192,train
Paraguay,2012,PRY,14.234,24.111,5897011.0,5.159,train
Paraguay,2013,PRY,14.505,24.603,5982447.0,5.169,train
Paraguay,2014,PRY,14.418,26.023,6069819.0,5.451,train
Paraguay,2015,PRY,14.534,25.57,6159106.0,6.045,train
Paraguay,2016,PRY,13.844,25.36,6249129.0,7.187,train
Paraguay,2017,PRY,13.463,26.037,6338658.0,7.939,train
Paraguay,2018,PRY,12.191,24.81,6427382.0,8.504,train
Paraguay,2019,PRY,11.383,25.521,6515059.0,8.268,train
Paraguay,2020,PRY,10.834,26.503,6603741.0,7.444,train
Paraguay,2021,PRY,10.548,25.991,6684184.0,8.187,train
Paraguay,2022,PRY,9.95,25.081,6760460.0,7.533,train
Paraguay,2023,PRY,9.845,24.995,6844150.0,7.646,train
Paraguay,2024,PRY,9.555,24.876,6929152.0,7.937,train
Peru,2000,PER,5.417,26.735,26598328.0,28.678,train
Peru,2001,PER,4.954,26.732,26964610.0,25.26,train
Peru,2002,PER,4.458,27.257,27288211.0,25.592,train
Peru,2003,PER,6.771,27.827,27580485.0,24.914,train
Peru,2004,PER,5.547,27.483,27852190.0,28.504,train
Peru,2005,PER,5.209,28.641,28101175.0,30.321,train
Peru,2006,PER,4.67,28.58,28324488.0,28.299,train
Peru,2007,PER,4.828,29.126,28530704.0,34.567,train
Peru,2008,PER,4.493,27.839,28719038.0,35.572,train
Peru,2009,PER,4.536,28.54,28896819.0,39.424,train
Peru,2010,PER,4.53,29.031,29086021.0,42.505,train
Peru,2011,PER,4.552,29.561,29304083.0,42.327,train
Peru,2012,PER,4.482,29.471,29550367.0,45.509,train
Peru,2013,PER,4.51,29.701,29817908.0,42.718,train
Peru,2014,PER,5.502,30.058,30115825.0,49.388,train
Peru,2015,PER,4.616,30.013,30457598.0,49.204,train
Peru,2016,PER,4.77,30.075,30866497.0,52.698,train
Peru,2017,PER,4.475,30.062,31324639.0,54.726,train
Peru,2018,PER,4.353,30.32,31897590.0,56.014,train
Peru,2019,PER,4.42,30.467,32449302.0,58.668,train
Peru,2020,PER,3.866,30.426,32838577.0,47.237,train
Peru,2021,PER,4.229,30.928,33155883.0,59.962,train
Peru,2022,PER,4.309,31.211,33475436.0,64.785,train
Peru,2023,PER,4.356,31.395,33845616.0,66.065,train
Peru,2024,PER,4.415,31.677,34217850.0,70.247,train
Philippines,2000,PHL,2.256,60.484,79625401.0,71.467,train
Philippines,2001,PHL,2.154,61.024,81401488.0,69.799,train
Philippines,2002,PHL,2.325,61.958,83068889.0,69.492,train
Philippines,2003,PHL,2.6,62.097,84731836.0,69.501,train
Philippines,2004,PHL,2.175,63.669,86394510.0,71.999,train
Philippines,2005,PHL,2.503,63.715,88015959.0,72.334,train
Philippines,2006,PHL,2.658,64.469,89508992.0,65.646,train
Philippines,2007,PHL,2.811,66.624,91075180.0,70.01,train
Philippines,2008,PHL,2.647,68.656,92699091.0,76.605,train
Philippines,2009,PHL,2.348,70.604,94384256.0,75.581,train
Philippines,2010,PHL,2.57,70.014,96337127.0,82.246,train
Philippines,2011,PHL,2.694,71.972,98248614.0,82.98,train
Philippines,2012,PHL,2.426,72.263,100175511.0,87.476,train
Philippines,2013,PHL,2.439,74.003,102076334.0,94.825,train
Philippines,2014,PHL,2.345,73.825,103767127.0,100.074,train
Philippines,2015,PHL,2.332,73.544,105312988.0,111.046,train
Philippines,2016,PHL,2.399,74.746,106735721.0,120.216,train
Philippines,2017,PHL,2.528,77.878,108119691.0,133.576,train
Philippines,2018,PHL,2.501,78.162,109465284.0,139.857,train
Philippines,2019,PHL,2.48,78.126,110804685.0,142.601,train
Philippines,2020,PHL,2.345,78.516,112081270.0,131.457,train
Philippines,2021,PHL,2.379,79.761,113100947.0,140.27,train
Philippines,2022,PHL,2.478,78.523,113964343.0,150.963,train
Philippines,2023,PHL,2.53,78.523,114891199.0,160.98,train
Philippines,2024,PHL,2.639,78.93,115843663.0,174.878,train
Poland,2000,POL,10.759,74.009,38258077.0,317.306,train
Poland,2001,POL,10.366,71.262,38247359.0,313.267,train
Poland,2002,POL,9.958,69.222,38229407.0,305.852,train
Poland,2003,POL,10.39,65.67,38203527.0,318.733,train
Poland,2004,POL,10.285,63.702,38167568.0,323.621,train
Poland,2005,POL,10.466,63.355,38124377.0,322.577,train
Poland,2006,POL,10.565,63.082,38071169.0,336.387,train
Poland,2007,POL,10.784,60.359,38020420.0,335.735,train
Poland,2008,POL,10.492,58.02,37995902.0,329.428,train
Poland,2009,POL,9.596,54.028,38002153.0,315.886,train
Poland,2010,POL,10.541,54.204,38095356.0,334.028,train
Poland,2011,POL,10.224,53.162,38208644.0,333.406,train
Poland,2012,POL,10.012,54.782,38247867.0,325.778,train
Poland,2013,POL,9.954,53.301,38259267.0,321.757,train
Poland,2014,POL,9.489,49.907,38265113.0,309.415,train
Poland,2015,POL,9.532,49.081,38266314.0,312.549,train
Poland,2016,POL,9.9,48.563,38263260.0,323.3,train
Poland,2017,POL,10.272,48.124,38254964.0,336.505,train
Poland,2018,POL,10.486,48.997,38241070.0,335.719,train
Poland,2019,POL,10.159,48.285,38225884.0,317.444,train
Poland,2020,POL,9.522,46.439,38171005.0,302.102,train
Poland,2021,POL,10.352,47.204,38040303.0,330.694,train
Poland,2022,POL,9.798,46.473,38385734.0,314.892,train
Poland,2023,POL,8.837,44.729,38762847.0,283.243,train
Poland,2024,POL,8.624,44.502,38539209.0,272.862,train
Portugal,2000,PRT,7.993,12.658,10283196.0,65.504,train
Portugal,2001,PRT,7.916,12.105,10354329.0,65.187,train
Portugal,2002,PRT,7.954,12.164,10413045.0,69.583,train
Portugal,2003,PRT,7.533,11.943,10454246.0,64.482,train
Portugal,2004,PRT,7.25,11.559,10481386.0,67.302,train
Portugal,2005,PRT,7.555,11.103,10502993.0,69.64,train
Portugal,2006,PRT,7.02,11.413,10524123.0,64.856,train
Portugal,2007,PRT,7.336,11.239,10546822.0,62.38,train
Portugal,2008,PRT,6.811,10.643,10564086.0,60.01,train
Portugal,2009,PRT,6.318,10.419,10576265.0,57.147,train
Portugal,2010,PRT,5.969,10.225,10578659.0,52.89,train
Portugal,2011,PRT,5.951,10.236,10557050.0,51.784,train
Portugal,2012,PRT,5.988,9.651,10513155.0,49.932,train
Portugal,2013,PRT,5.681,9.23,10458287.0,48.146,train
Portugal,2014,PRT,5.642,9.272,10406203.0,47.942,train
Portugal,2015,PRT,6.059,9.298,10370264.0,52.233,train
Portugal,2016,PRT,6.103,9.476,10346377.0,50.311,train
Portugal,2017,PRT,6.745,9.994,10330838.0,55.165,train
Portugal,2018,PRT,7.074,10.033,10325355.0,51.34,train
Portugal,2019,PRT,6.301,10.208,10343218.0,47.583,train
Portugal,2020,PRT,5.573,10.36,10370519.0,41.738,train
Portugal,2021,PRT,5.391,10.506,10390957.0,40.3,train
Portugal,2022,PRT,5.58,10.552,10417074.0,40.722,train
Portugal,2023,PRT,5.362,10.717,10430735.0,37.622,train
Portugal,2024,PRT,5.198,10.832,10425291.0,35.539,train
Qatar,2000,QAT,105.796,27.585,644993.0,40.406,train
Qatar,2001,QAT,102.421,23.291,677934.0,45.914,train
Qatar,2002,QAT,95.6,22.548,711215.0,45.175,train
Qatar,2003,QAT,97.978,26.069,744690.0,46.631,train
Qatar,2004,QAT,92.632,23.922,773341.0,47.44,train
Qatar,2005,QAT,83.348,20.818,825419.0,47.682,train
Qatar,2006,QAT,83.4,21.055,972841.0,59.753,train
Qatar,2007,QAT,68.13,22.418,1208601.0,59.53,train
Qatar,2008,QAT,59.146,22.093,1426942.0,61.871,train
Qatar,2009,QAT,55.041,21.531,1586052.0,65.305,train
Qatar,2010,QAT,55.049,19.919,1709238.0,73.651,train
Qatar,2011,QAT,57.684,22.116,1810960.0,81.809,train
Qatar,2012,QAT,61.08,22.18,1907122.0,93.738,train
Qatar,2013,QAT,56.723,23.225,2032650.0,91.433,train
Qatar,2014,QAT,52.064,23.166,2218378.0,91.642,train
Qatar,2015,QAT,48.371,23.375,2427340.0,93.31,train
Qatar,2016,QAT,44.49,23.474,2599382.0,91.378,train
Qatar,2017,QAT,47.748,22.74,2706716.0,105.657,train
Qatar,2018,QAT,45.643,22.561,2761144.0,102.621,train
Qatar,2019,QAT,44.331,21.746,2797927.0,101.43,train
Qatar,2020,QAT,44.162,21.612,2803375.0,101.329,train
Qatar,2021,QAT,45.091,21.682,2814988.0,104.386,train
Qatar,2022,QAT,45.805,22.005,2892466.0,109.594,train
Qatar,2023,QAT,47.996,22.515,2979086.0,119.544,train
Qatar,2024,QAT,48.955,22.491,3048429.0,125.812,train
Romania,2000,ROU,5.505,22.277,22046264.0,93.206,train
Romania,2001,ROU,5.809,21.909,21919916.0,98.928,train
Romania,2002,ROU,5.945,22.803,21770020.0,99.069,train
Romania,2003,ROU,5.905,22.677,21593448.0,103.707,train
Romania,2004,ROU,6.22,22.428,21403215.0,103.233,train
Romania,2005,ROU,5.995,22.384,21213395.0,101.337,train
Romania,2006,ROU,5.96,22.982,21035732.0,104.29,train
Romania,2007,ROU,6.327,23.053,20870714.0,108.497,train
Romania,2008,ROU,6.399,23.244,20718745.0,106.997,train
Romania,2009,ROU,6.359,22.269,20576922.0,87.806,train
Romania,2010,ROU,5.75,22.163,20432575.0,84.488,train
Romania,2011,ROU,5.837,21.044,20282009.0,92.391,train
Romania,2012,ROU,5.855,21.216,20158451.0,89.848,train
Romania,2013,ROU,5.301,21.069,20062913.0,78.795,train
Romania,2014,ROU,5.381,21.694,19968179.0,79.335,train
Romania,2015,ROU,5.153,21.935,19871018.0,78.046,train
Romania,2016,ROU,5.128,22.483,19777049.0,76.587,train
Romania,2017,ROU,5.58,22.37,19689405.0,79.432,train
Romania,2018,ROU,6.414,22.643,19597874.0,79.874,train
Romania,2019,ROU,5.485,22.849,19501542.0,76.69,train
Romania,2020,ROU,5.42,21.745,19392467.0,73.946,train
Romania,2021,ROU,5.378,21.998,19248159.0,77.501,train
Romania,2022,ROU,5.054,21.975,19166776.0,73.186,train
Romania,2023,ROU,4.753,21.966,19118482.0,67.866,train
Romania,2024,ROU,4.747,21.646,19015096.0,68.551,train
Russia,2000,RUS,13.201,307.69,146717784.0,1480.576,train
Russia,2001,RUS,13.469,314.789,146117290.0,1518.081,train
Russia,2002,RUS,13.215,320.413,145939502.0,1508.33,train
Russia,2003,RUS,13.802,333.397,145794230.0,1539.006,train
Russia,2004,RUS,13.641,335.313,145180091.0,1545.353,train
Russia,2005,RUS,14.167,342.222,144597886.0,1563.98,train
Russia,2006,RUS,14.767,347.255,144102948.0,1623.428,train
Russia,2007,RUS,15.268,355.077,143859767.0,1624.315,train
Russia,2008,RUS,15.089,359.43,143811837.0,1652.731,train
Russia,2009,RUS,15.636,352.496,143869128.0,1545.236,train
Russia,2010,RUS,17.134,367.537,143934468.0,1633.147,train
Russia,2011,RUS,15.825,374.677,144043751.0,1684.989,train
Russia,2012,RUS,17.564,383.918,144291025.0,1700.104,train
Russia,2013,RUS,16.401,385.321,144604105.0,1637.547,train
Russia,2014,RUS,15.649,389.142,144925639.0,1637.311,train
Russia,2015,RUS,17.458,394.757,145307612.0,1635.244,train
Russia,2016,RUS,17.463,403.675,145778668.0,1629.328,train
Russia,2017,RUS,17.515,416.507,146186798.0,1661.012,train
Russia,2018,RUS,17.286,433.595,146430146.0,1709.91,train
Russia,2019,RUS,17.206,450.487,146533063.0,1704.459,train
Russia,2020,RUS,16.264,441.386,146371295.0,1631.902,train
Russia,2021,RUS,17.062,462.564,145836172.0,1674.524,train
Russia,2022,RUS,17.865,464.216,145579889.0,1675.461,train
Russia,2023,RUS,18.378,467.231,145440502.0,1733.135,train
Russia,2024,RUS,18.846,474.072,144820421.0,1780.524,train
Rwanda,2000,RWA,1.179,2.773,8213936.0,0.515,test
Rwanda,2001,RWA,1.059,2.888,8287091.0,0.519,test
Rwanda,2002,RWA,0.886,2.958,8400185.0,0.512,test
Rwanda,2003,RWA,0.83,3.138,8586878.0,0.505,test
Rwanda,2004,RWA,0.775,3.243,8816849.0,0.516,test
Rwanda,2005,RWA,0.74,3.218,9054532.0,0.514,test
Rwanda,2006,RWA,0.774,3.409,9299251.0,0.514,test
Rwanda,2007,RWA,0.756,3.538,9549940.0,0.542,test
Rwanda,2008,RWA,0.764,3.693,9804268.0,0.531,test
Rwanda,2009,RWA,0.812,3.784,10060438.0,0.555,test
Rwanda,2010,RWA,0.821,3.984,10317560.0,0.581,test
Rwanda,2011,RWA,0.821,3.92,10573742.0,0.643,test
Rwanda,2012,RWA,0.79,3.98,10829904.0,0.718,test
Rwanda,2013,RWA,0.782,4.065,11093340.0,0.779,test
Rwanda,2014,RWA,0.737,4.118,11364758.0,0.83,test
Rwanda,2015,RWA,0.764,4.456,11640026.0,0.967,test
Rwanda,2016,RWA,0.735,4.385,11919183.0,1.052,test
Rwanda,2017,RWA,0.658,4.409,12202062.0,1.17,test
Rwanda,2018,RWA,0.65,4.58,12488000.0,1.313,test
Rwanda,2019,RWA,0.723,4.68,12776102.0,1.413,test
Rwanda,2020,RWA,0.8,4.864,13065838.0,1.394,test
Rwanda,2021,RWA,0.745,4.81,13355260.0,1.699,test
Rwanda,2022,RWA,0.725,4.719,13651025.0,1.957,test
Rwanda,2023,RWA,0.697,4.733,13954473.0,2.016,test
Rwanda,2024,RWA,0.682,4.749,14256573.0,2.034,test
Saint Helena,2000,SHN,2.298,0.002,6045.0,0.011,train
Saint Helena,2001,SHN,2.299,0.002,5963.0,0.011,train
Saint Helena,2002,SHN,2.335,0.002,5879.0,0.011,train
Saint Helena,2003,SHN,2.382,0.002,5775.0,0.011,train
Saint Helena,2004,SHN,1.82,0.002,5678.0,0.007,train
Saint Helena,2005,SHN,2.515,0.002,5570.0,0.011,train
Saint Helena,2006,SHN,2.553,0.002,5457.0,0.011,train
Saint Helena,2007,SHN,2.611,0.002,5346.0,0.011,train
Saint Helena,2008,SHN,2.657,0.002,5295.0,0.011,train
Saint Helena,2009,SHN,2.639,0.002,5320.0,0.011,train
Saint Helena,2010,SHN,2.617,0.002,5352.0,0.011,train
Saint Helena,2011,SHN,2.604,0.002,5385.0,0.011,train
Saint Helena,2012,SHN,2.586,0.002,5428.0,0.011,train
Saint Helena,2013,SHN,2.598,0.002,5462.0,0.011,train
Saint Helena,2014,SHN,2.588,0.002,5493.0,0.011,train
Saint Helena,2015,SHN,2.559,0.002,5529.0,0.011,train
Saint Helena,2016,SHN,3.222,0.002,5544.0,0.015,train
Saint Helena,2017,SHN,2.574,0.002,5528.0,0.011,train
Saint Helena,2018,SHN,2.593,0.002,5507.0,0.011,train
Saint Helena,2019,SHN,3.277,0.002,5485.0,0.015,train
Saint Helena,2020,SHN,2.623,0.002,5451.0,0.011,train
Saint Helena,2021,SHN,1.969,0.002,5415.0,0.007,train
Saint Helena,2022,SHN,2.669,0.002,5369.0,0.011,train
Saint Helena,2023,SHN,2.7,0.002,5316.0,0.011,train
Saint Helena,2024,SHN,2.808,0.002,5262.0,0.011,train
Saint Kitts and Nevis,2000,KNA,4.216,0.038,45272.0,0.172,validation
Saint Kitts and Nevis,2001,KNA,4.096,0.038,45785.0,0.176,validation
Saint Kitts and Nevis,2002,KNA,4.424,0.039,46048.0,0.194,validation
Saint Kitts and Nevis,2003,KNA,4.453,0.039,46200.0,0.194,validation
Saint Kitts and Nevis,2004,KNA,4.146,0.04,46337.0,0.209,validation
Saint Kitts and Nevis,2005,KNA,3.944,0.04,46459.0,0.194,validation
Saint Kitts and Nevis,2006,KNA,4.189,0.039,46592.0,0.202,validation
Saint Kitts and Nevis,2007,KNA,4.494,0.041,46734.0,0.216,validation
Saint Kitts and Nevis,2008,KNA,4.889,0.042,46857.0,0.216,validation
Saint Kitts and Nevis,2009,KNA,5.148,0.042,46941.0,0.22,validation
Saint Kitts and Nevis,2010,KNA,5.506,0.042,46871.0,0.22,validation
Saint Kitts and Nevis,2011,KNA,5.347,0.042,46917.0,0.227,validation
Saint Kitts and Nevis,2012,KNA,5.087,0.035,47056.0,0.224,validation
Saint Kitts and Nevis,2013,KNA,4.97,0.035,47092.0,0.224,validation
Saint Kitts and Nevis,2014,KNA,5.025,0.034,47112.0,0.227,validation
Saint Kitts and Nevis,2015,KNA,5.059,0.035,47108.0,0.231,validation
Saint Kitts and Nevis,2016,KNA,5.335,0.035,47099.0,0.238,validation
Saint Kitts and Nevis,2017,KNA,5.377,0.035,47075.0,0.242,validation
Saint Kitts and Nevis,2018,KNA,5.549,0.036,47032.0,0.249,validation
Saint Kitts and Nevis,2019,KNA,5.82,0.036,46976.0,0.26,validation
Saint Kitts and Nevis,2020,KNA,5.457,0.037,46896.0,0.242,validation
Saint Kitts and Nevis,2021,KNA,5.451,0.041,46786.0,0.234,validation
Saint Kitts and Nevis,2022,KNA,5.967,0.046,46732.0,0.251,validation
Saint Kitts and Nevis,2023,KNA,6.033,0.048,46783.0,0.25,validation
Saint Kitts and Nevis,2024,KNA,6.344,0.051,46867.0,0.26,validation
Saint Lucia,2000,LCA,2.285,0.066,158624.0,0.341,train
Saint Lucia,2001,LCA,2.264,0.064,160247.0,0.359,train
Saint Lucia,2002,LCA,2.157,0.063,161655.0,0.355,train
Saint Lucia,2003,LCA,2.286,0.062,162985.0,0.377,train
Saint Lucia,2004,LCA,2.539,0.062,164250.0,0.399,train
Saint Lucia,2005,LCA,2.422,0.061,165460.0,0.392,train
Saint Lucia,2006,LCA,2.701,0.06,166657.0,0.414,train
Saint Lucia,2007,LCA,2.462,0.059,167766.0,0.421,train
Saint Lucia,2008,LCA,2.524,0.058,168816.0,0.425,train
Saint Lucia,2009,LCA,2.415,0.057,169880.0,0.425,train
Saint Lucia,2010,LCA,2.94,0.056,170921.0,0.484,train
Saint Lucia,2011,LCA,3.0,0.058,171814.0,0.484,train
Saint Lucia,2012,LCA,2.971,0.058,172595.0,0.487,train
Saint Lucia,2013,LCA,2.913,0.058,173380.0,0.487,train
Saint Lucia,2014,LCA,2.875,0.059,174145.0,0.487,train
Saint Lucia,2015,LCA,2.845,0.059,174919.0,0.48,train
Saint Lucia,2016,LCA,2.857,0.059,175651.0,0.473,train
Saint Lucia,2017,LCA,2.964,0.059,176352.0,0.495,train
Saint Lucia,2018,LCA,2.983,0.059,177032.0,0.509,train
Saint Lucia,2019,LCA,2.898,0.06,177675.0,0.502,train
Saint Lucia,2020,LCA,2.871,0.059,178261.0,0.487,train
Saint Lucia,2021,LCA,2.955,0.06,178540.0,0.506,train
Saint Lucia,2022,LCA,3.056,0.06,178794.0,0.518,train
Saint Lucia,2023,LCA,3.064,0.06,179291.0,0.517,train
Saint Lucia,2024,LCA,3.169,0.06,179751.0,0.537,train
Saint Vincent and the Grenadines,2000,VCT,1.616,0.044,113561.0,0.143,train
Saint Vincent and the Grenadines,2001,VCT,1.701,0.044,113506.0,0.176,train
Saint Vincent and the Grenadines,2002,VCT,1.737,0.044,113365.0,0.187,train
Saint Vincent and the Grenadines,2003,VCT,1.884,0.044,113149.0,0.202,train
Saint Vincent and the Grenadines,2004,VCT,2.162,0.044,112856.0,0.22,train
Saint Vincent and the Grenadines,2005,VCT,2.153,0.045,112465.0,0.22,train
Saint Vincent and the Grenadines,2006,VCT,2.128,0.046,112027.0,0.22,train
Saint Vincent and the Grenadines,2007,VCT,2.899,0.046,111544.0,0.238,train
Saint Vincent and the Grenadines,2008,VCT,2.806,0.047,111047.0,0.22,train
Saint Vincent and the Grenadines,2009,VCT,3.364,0.047,110521.0,0.278,train
Saint Vincent and the Grenadines,2010,VCT,2.705,0.047,109974.0,0.224,train
Saint Vincent and the Grenadines,2011,VCT,2.556,0.049,109367.0,0.216,train
Saint Vincent and the Grenadines,2012,VCT,2.581,0.049,108753.0,0.231,train
Saint Vincent and the Grenadines,2013,VCT,3.396,0.048,108156.0,0.216,train
Saint Vincent and the Grenadines,2014,VCT,3.036,0.048,107555.0,0.256,train
Saint Vincent and the Grenadines,2015,VCT,2.454,0.048,106975.0,0.234,train
Saint Vincent and the Grenadines,2016,VCT,2.643,0.048,106365.0,0.242,train
Saint Vincent and the Grenadines,2017,VCT,2.36,0.048,105674.0,0.213,train
Saint Vincent and the Grenadines,2018,VCT,2.557,0.048,104939.0,0.242,train
Saint Vincent and the Grenadines,2019,VCT,2.269,0.048,104183.0,0.22,train
Saint Vincent and the Grenadines,2020,VCT,2.522,0.048,103540.0,0.238,train
Saint Vincent and the Grenadines,2021,VCT,2.487,0.048,102848.0,0.234,train
Saint Vincent and the Grenadines,2022,VCT,2.667,0.048,102063.0,0.247,train
Saint Vincent and the Grenadines,2023,VCT,2.677,0.048,101331.0,0.246,train
Saint Vincent and the Grenadines,2024,VCT,2.787,0.048,100630.0,0.256,train
Samoa,2000,WSM,0.285,0.157,181695.0,0.143,train
Samoa,2001,WSM,0.389,0.17,183174.0,0.154,train
Samoa,2002,WSM,0.362,0.17,184482.0,0.161,train
Samoa,2003,WSM,0.321,0.172,185447.0,0.161,train
Samoa,2004,WSM,0.277,0.174,186265.0,0.169,train
Samoa,2005,WSM,0.258,0.174,186993.0,0.172,train
Samoa,2006,WSM,0.202,0.174,187724.0,0.169,train
Samoa,2007,WSM,0.083,0.167,188766.0,0.18,train
Samoa,2008,WSM,-0.018,0.165,190117.0,0.161,train
Samoa,2009,WSM,1.128,0.17,191530.0,0.169,train
Samoa,2010,WSM,2.65,0.182,193035.0,0.187,train
Samoa,2011,WSM,3.742,0.189,194726.0,0.191,train
Samoa,2012,WSM,4.685,0.194,196518.0,0.191,train
Samoa,2013,WSM,5.517,0.197,198284.0,0.191,train
Samoa,2014,WSM,6.244,0.198,200051.0,0.202,train
Samoa,2015,WSM,5.704,0.209,201794.0,0.227,train
Samoa,2016,WSM,4.406,0.192,203509.0,0.238,train
Samoa,2017,WSM,3.496,0.182,205423.0,0.234,train
Samoa,2018,WSM,2.725,0.166,207595.0,0.234,train
Samoa,2019,WSM,2.269,0.146,209794.0,0.26,train
Samoa,2020,WSM,1.801,0.134,211957.0,0.234,train
Samoa,2021,WSM,1.873,0.162,213792.0,0.267,train
Samoa,2022,WSM,1.363,0.157,215270.0,0.236,train
Samoa,2023,WSM,0.974,0.152,216673.0,0.235,train
Samoa,2024,WSM,0.714,0.161,218031.0,0.246,train
Sao Tome and Principe,2000,STP,1.25,0.052,144029.0,0.051,test
Sao Tome and Principe,2001,STP,0.934,0.05,146386.0,0.051,test
Sao Tome and Principe,2002,STP,0.86,0.052,149932.0,0.055,test
Sao Tome and Principe,2003,STP,1.08,0.053,153824.0,0.062,test
Sao Tome and Principe,2004,STP,0.873,0.054,157721.0,0.073,test
Sao Tome and Principe,2005,STP,0.832,0.055,161650.0,0.077,test
Sao Tome and Principe,2006,STP,0.802,0.056,165651.0,0.081,test
Sao Tome and Principe,2007,STP,0.736,0.056,169709.0,0.081,test
Sao Tome and Principe,2008,STP,0.785,0.057,173808.0,0.084,test
Sao Tome and Principe,2009,STP,0.798,0.059,177866.0,0.092,test
Sao Tome and Principe,2010,STP,1.436,0.059,181810.0,0.106,test
Sao Tome and Principe,2011,STP,1.252,0.06,185665.0,0.099,test
Sao Tome and Principe,2012,STP,1.037,0.06,189452.0,0.11,test
Sao Tome and Principe,2013,STP,1.414,0.061,193158.0,0.11,test
Sao Tome and Principe,2014,STP,1.188,0.062,196780.0,0.128,test
Sao Tome and Principe,2015,STP,1.94,0.063,200308.0,0.136,test
Sao Tome and Principe,2016,STP,1.666,0.064,203702.0,0.147,test
Sao Tome and Principe,2017,STP,1.601,0.064,206986.0,0.139,test
Sao Tome and Principe,2018,STP,1.285,0.065,210198.0,0.139,test
Sao Tome and Principe,2019,STP,1.295,0.067,213405.0,0.147,test
Sao Tome and Principe,2020,STP,1.418,0.068,217450.0,0.143,test
Sao Tome and Principe,2021,STP,1.232,0.067,221975.0,0.143,test
Sao Tome and Principe,2022,STP,1.281,0.068,226313.0,0.136,test
Sao Tome and Principe,2023,STP,1.293,0.069,230882.0,0.14,test
Sao Tome and Principe,2024,STP,1.286,0.07,235548.0,0.142,test
Saudi Arabia,2000,SAU,23.534,72.338,16177733.0,309.639,train
Saudi Arabia,2001,SAU,23.188,71.614,17041405.0,324.374,train
Saudi Arabia,2002,SAU,23.257,69.307,17910909.0,346.93,train
Saudi Arabia,2003,SAU,22.979,79.165,18786771.0,351.228,train
Saudi Arabia,2004,SAU,24.917,80.244,19669486.0,407.702,train
Saudi Arabia,2005,SAU,24.336,85.504,20559886.0,412.234,train
Saudi Arabia,2006,SAU,24.981,87.661,21459141.0,444.977,train
Saudi Arabia,2007,SAU,23.028,87.343,22368313.0,423.314,train
Saudi Arabia,2008,SAU,24.237,90.533,23287884.0,469.43,train
Saudi Arabia,2009,SAU,24.548,85.948,24217656.0,503.97,train
Saudi Arabia,2010,SAU,25.782,87.389,25157134.0,555.64,train
Saudi Arabia,2011,SAU,24.593,95.212,26105636.0,540.236,train
Saudi Arabia,2012,SAU,26.324,99.699,27062447.0,605.712,train
Saudi Arabia,2013,SAU,24.586,99.461,28026825.0,583.178,train
Saudi Arabia,2014,SAU,23.918,101.296,28998127.0,585.109,train
Saudi Arabia,2015,SAU,24.588,104.79,29974944.0,624.547,train
Saudi Arabia,2016,SAU,24.65,107.74,30717804.0,641.174,train
Saudi Arabia,2017,SAU,24.652,105.973,30782400.0,644.487,train
Saudi Arabia,2018,SAU,25.348,109.105,30365119.0,652.204,train
Saudi Arabia,2019,SAU,27.035,106.725,30472809.0,708.335,train
Saudi Arabia,2020,SAU,24.852,106.547,30991206.0,653.565,train
Saudi Arabia,2021,SAU,25.922,106.548,31328374.0,695.394,train
Saudi Arabia,2022,SAU,24.714,117.03,32175351.0,666.994,train
Saudi Arabia,2023,SAU,24.124,113.168,33264289.0,677.442,train
Saudi Arabia,2024,SAU,24.198,117.014,33962751.0,692.133,train
Senegal,2000,SEN,1.865,8.762,9968262.0,3.902,train
Senegal,2001,SEN,1.407,8.283,10212941.0,4.258,train
Senegal,2002,SEN,1.242,8.014,10466216.0,4.437,train
Senegal,2003,SEN,1.438,7.695,10721176.0,4.928,train
Senegal,2004,SEN,1.957,8.263,10975711.0,5.238,train
Senegal,2005,SEN,1.443,8.467,11235473.0,5.539,train
Senegal,2006,SEN,1.482,8.965,11500094.0,4.43,train
Senegal,2007,SEN,3.629,8.886,11770348.0,5.196,train
Senegal,2008,SEN,2.776,9.261,12048963.0,4.74,train
Senegal,2009,SEN,2.394,9.599,12337390.0,5.258,train
Senegal,2010,SEN,1.815,9.865,12635418.0,6.862,train
Senegal,2011,SEN,1.753,10.094,12958902.0,7.819,train
Senegal,2012,SEN,1.61,9.896,13310499.0,7.362,train
Senegal,2013,SEN,1.608,9.897,13710857.0,7.853,train
Senegal,2014,SEN,2.459,9.717,14152103.0,8.724,train
Senegal,2015,SEN,2.088,9.676,14593335.0,9.845,train
Senegal,2016,SEN,1.997,10.183,15034517.0,10.013,train
Senegal,2017,SEN,1.908,10.044,15475001.0,10.757,train
Senegal,2018,SEN,1.884,9.971,15914495.0,11.33,train
Senegal,2019,SEN,1.946,10.317,16352926.0,12.711,train
Senegal,2020,SEN,1.947,10.944,16789217.0,10.82,train
Senegal,2021,SEN,1.866,10.922,17220866.0,12.319,train
Senegal,2022,SEN,1.935,10.932,17651099.0,14.133,train
Senegal,2023,SEN,1.924,11.181,18077573.0,14.082,train
Senegal,2024,SEN,1.914,11.374,18501988.0,14.092,train
Serbia,2000,SRB,5.809,9.498,7694608.0,39.606,test
Serbia,2001,SRB,6.219,9.024,7651927.0,42.541,test
Serbia,2002,SRB,6.657,9.02,7616741.0,45.486,test
Serbia,2003,SRB,7.196,8.908,7590946.0,48.649,test
Serbia,2004,SRB,8.229,8.657,7565843.0,52.942,test
Serbia,2005,SRB,5.944,7.953,7539139.0,50.058,test
Serbia,2006,SRB,6.479,8.046,7511395.0,53.721,test
Serbia,2007,SRB,6.575,8.133,7482996.0,52.16,test
Serbia,2008,SRB,6.368,8.052,7454285.0,51.737,test
Serbia,2009,SRB,5.907,7.755,7425346.0,45.92,test
Serbia,2010,SRB,5.798,7.654,7395872.0,45.694,test
Serbia,2011,SRB,6.179,7.668,7364858.0,48.956,test
Serbia,2012,SRB,5.341,7.514,7324624.0,43.764,test
Serbia,2013,SRB,5.673,7.467,7276183.0,44.576,test
Serbia,2014,SRB,4.627,7.321,7227203.0,37.331,test
Serbia,2015,SRB,5.737,7.436,7177257.0,43.897,test
Serbia,2016,SRB,6.028,7.359,7126083.0,45.193,test
Serbia,2017,SRB,6.236,7.315,7073507.0,45.673,test
Serbia,2018,SRB,6.067,7.145,7020014.0,44.478,test
Serbia,2019,SRB,6.272,7.208,6966155.0,44.445,test
Serbia,2020,SRB,6.68,7.471,6907814.0,45.356,test
Serbia,2021,SRB,6.358,7.234,6835429.0,43.886,test
Serbia,2022,SRB,6.596,7.08,6791215.0,44.462,test
Serbia,2023,SRB,6.403,6.928,6773204.0,42.907,test
Serbia,2024,SRB,6.355,6.899,6736217.0,42.019,test
Seychelles,2000,SYC,4.66,0.049,83339.0,0.319,train
Seychelles,2001,SYC,4.846,0.049,84621.0,0.341,train
Seychelles,2002,SYC,4.854,0.05,85878.0,0.348,train
Seychelles,2003,SYC,4.712,0.051,87056.0,0.341,train
Seychelles,2004,SYC,5.137,0.052,88175.0,0.377,train
Seychelles,2005,SYC,5.104,0.053,89288.0,0.381,train
Seychelles,2006,SYC,5.117,0.054,90391.0,0.385,train
Seychelles,2007,SYC,5.232,0.056,91483.0,0.403,train
Seychelles,2008,SYC,5.306,0.056,92563.0,0.414,train
Seychelles,2009,SYC,5.584,0.057,93644.0,0.443,train
Seychelles,2010,SYC,5.45,0.057,94993.0,0.44,train
Seychelles,2011,SYC,4.954,0.058,97041.0,0.403,train
Seychelles,2012,SYC,5.005,0.059,99565.0,0.418,train
Seychelles,2013,SYC,4.837,0.06,102108.0,0.414,train
Seychelles,2014,SYC,5.182,0.062,104663.0,0.458,train
Seychelles,2015,SYC,5.459,0.063,107247.0,0.498,train
Seychelles,2016,SYC,5.892,0.065,109836.0,0.553,train
Seychelles,2017,SYC,5.972,0.066,112443.0,0.575,train
Seychelles,2018,SYC,6.003,0.067,115053.0,0.597,train
Seychelles,2019,SYC,5.839,0.068,117662.0,0.59,train
Seychelles,2020,SYC,5.802,0.07,120299.0,0.597,train
Seychelles,2021,SYC,5.814,0.071,123000.0,0.612,train
Seychelles,2022,SYC,5.855,0.073,125533.0,0.629,train
Seychelles,2023,SYC,5.858,0.074,127961.0,0.641,train
Seychelles,2024,SYC,5.857,0.076,130436.0,0.653,train
Sierra Leone,2000,SLE,7.862,2.866,4423615.0,0.271,test
Sierra Leone,2001,SLE,11.918,2.99,4692715.0,0.374,test
Sierra Leone,2002,SLE,16.069,3.277,4971435.0,0.502,test
Sierra Leone,2003,SLE,15.029,3.57,5177686.0,0.539,test
Sierra Leone,2004,SLE,12.045,3.876,5355715.0,0.52,test
Sierra Leone,2005,SLE,14.318,4.143,5501707.0,0.432,test
Sierra Leone,2006,SLE,8.315,4.73,5624464.0,0.575,test
Sierra Leone,2007,SLE,6.647,4.127,5749353.0,0.487,test
Sierra Leone,2008,SLE,6.226,4.087,5894728.0,0.506,test
Sierra Leone,2009,SLE,6.703,4.309,6055655.0,0.502,test
Sierra Leone,2010,SLE,6.23,4.368,6222715.0,0.546,test
Sierra Leone,2011,SLE,4.574,4.607,6387258.0,0.714,test
Sierra Leone,2012,SLE,4.671,5.083,6551078.0,0.832,test
Sierra Leone,2013,SLE,3.596,5.023,6714057.0,1.052,test
Sierra Leone,2014,SLE,3.084,5.241,6876385.0,1.129,test
Sierra Leone,2015,SLE,2.654,5.007,7037660.0,1.084,test
Sierra Leone,2016,SLE,2.616,5.196,7205339.0,1.14,test
Sierra Leone,2017,SLE,2.427,5.132,7379300.0,1.096,test
Sierra Leone,2018,SLE,2.275,5.795,7554568.0,1.037,test
Sierra Leone,2019,SLE,2.016,4.864,7731994.0,1.118,test
Sierra Leone,2020,SLE,1.978,4.935,7912557.0,1.187,test
Sierra Leone,2021,SLE,2.086,5.583,8094603.0,1.484,test
Sierra Leone,2022,SLE,1.943,5.162,8276809.0,1.444,test
Sierra Leone,2023,SLE,1.962,5.2,8460523.0,1.38,test
Sierra Leone,2024,SLE,1.885,5.418,8642029.0,1.434,test
Singapore,2000,SGP,11.733,1.927,4035251.0,37.369,train
Singapore,2001,SGP,12.024,2.214,4116169.0,38.525,train
Singapore,2002,SGP,10.576,2.445,4146898.0,40.208,train
Singapore,2003,SGP,10.539,2.716,4138241.0,39.534,train
Singapore,2004,SGP,10.881,3.024,4172767.0,41.0,train
Singapore,2005,SGP,10.308,3.127,4268363.0,39.6,train
Singapore,2006,SGP,10.214,3.195,4407064.0,40.6,train
Singapore,2007,SGP,9.942,3.311,4596516.0,41.1,train
Singapore,2008,SGP,9.242,3.2,4806742.0,40.2,train
Singapore,2009,SGP,9.03,3.16,4968574.0,40.8,train
Singapore,2010,SGP,9.763,3.663,5077020.0,44.4,train
Singapore,2011,SGP,10.064,3.715,5182242.0,47.0,train
Singapore,2012,SGP,9.66,3.751,5293345.0,46.1,train
Singapore,2013,SGP,9.791,4.352,5385589.0,47.0,train
Singapore,2014,SGP,9.82,4.53,5457899.0,47.6,train
Singapore,2015,SGP,10.033,4.718,5525343.0,49.4,train
Singapore,2016,SGP,9.842,4.482,5577936.0,49.1,train
Singapore,2017,SGP,10.08,4.937,5604087.0,50.1,train
Singapore,2018,SGP,10.057,4.928,5634366.0,50.3,train
Singapore,2019,SGP,9.794,5.07,5669562.0,49.0,train
Singapore,2020,SGP,9.434,4.85,5620151.0,46.7,train
Singapore,2021,SGP,10.223,5.113,5546291.0,50.1,train
Singapore,2022,SGP,9.861,5.33,5649888.0,48.934,train
Singapore,2023,SGP,10.071,5.783,5789092.0,51.068,train
Singapore,2024,SGP,10.49,5.801,5832387.0,53.919,train
Slovakia,2000,SVK,9.866,6.686,5380001.0,41.187,test
Slovakia,2001,SVK,10.323,6.706,5379439.0,43.273,test
Slovakia,2002,SVK,10.182,6.593,5377685.0,42.034,test
Slovakia,2003,SVK,10.094,6.709,5376197.0,42.359,test
Slovakia,2004,SVK,10.514,6.725,5376038.0,42.857,test
Slovakia,2005,SVK,10.797,6.604,5376697.0,42.857,test
Slovakia,2006,SVK,11.119,6.713,5376847.0,42.639,test
Slovakia,2007,SVK,11.174,6.796,5376993.0,41.032,test
Slovakia,2008,SVK,11.499,6.724,5379127.0,41.425,test
Slovakia,2009,SVK,11.046,6.646,5385074.0,37.681,test
Slovakia,2010,SVK,11.613,6.426,5391857.0,38.464,test
Slovakia,2011,SVK,11.871,6.396,5398105.0,38.045,test
Slovakia,2012,SVK,11.653,6.009,5404877.0,35.961,test
Slovakia,2013,SVK,12.07,5.921,5410422.0,35.622,test
Slovakia,2014,SVK,12.345,5.587,5415238.0,33.708,test
Slovakia,2015,SVK,13.577,5.707,5420278.0,34.528,test
Slovakia,2016,SVK,11.989,5.807,5427262.0,34.978,test
Slovakia,2017,SVK,10.581,5.859,5435702.0,36.184,test
Slovakia,2018,SVK,9.217,5.699,5443229.0,36.184,test
Slovakia,2019,SVK,7.716,5.715,5450627.0,33.853,test
Slovakia,2020,SVK,6.387,5.783,5455028.0,31.176,test
Slovakia,2021,SVK,6.47,5.974,5442766.0,35.251,test
Slovakia,2022,SVK,5.076,5.783,5473195.0,31.589,test
Slovakia,2023,SVK,4.375,5.727,5518057.0,30.766,test
Slovakia,2024,SVK,3.583,5.804,5506759.0,29.091,test
Slovenia,2000,SVN,9.939,3.602,1986817.0,15.06,train
Slovenia,2001,SVN,10.793,3.626,1989684.0,16.309,train
Slovenia,2002,SVN,10.907,3.827,1991571.0,16.571,train
Slovenia,2003,SVN,11.035,3.886,1992499.0,16.278,train
Slovenia,2004,SVN,10.984,3.8,1993548.0,16.711,train
Slovenia,2005,SVN,11.094,3.817,1996915.0,16.942,train
Slovenia,2006,SVN,11.19,3.829,2003116.0,17.184,train
Slovenia,2007,SVN,14.159,3.693,2014159.0,17.349,train
Slovenia,2008,SVN,12.615,3.757,2025090.0,18.285,train
Slovenia,2009,SVN,11.81,3.645,2035610.0,16.209,train
Slovenia,2010,SVN,12.128,3.489,2044611.0,16.466,train
Slovenia,2011,SVN,12.138,3.399,2048805.0,16.364,train
Slovenia,2012,SVN,12.135,3.304,2053322.0,15.765,train
Slovenia,2013,SVN,11.579,3.167,2056452.0,15.137,train
Slovenia,2014,SVN,10.492,2.86,2058395.0,13.568,train
Slovenia,2015,SVN,10.696,2.954,2059946.0,13.659,train
Slovenia,2016,SVN,11.14,2.894,2061379.0,14.468,train
Slovenia,2017,SVN,11.253,2.931,2062410.0,14.637,train
Slovenia,2018,SVN,10.653,2.848,2069484.0,14.563,train
Slovenia,2019,SVN,10.462,2.847,2083438.0,14.053,train
Slovenia,2020,SVN,9.393,2.828,2102421.0,12.873,train
Slovenia,2021,SVN,9.311,2.673,2113495.0,13.076,train
Slovenia,2022,SVN,8.889,2.531,2115231.0,12.728,train
Slovenia,2023,SVN,8.378,2.457,2118394.0,12.012,train
Slovenia,2024,SVN,8.547,2.344,2118692.0,12.751,train
Solomon Islands,2000,SLB,3.58,0.163,440481.0,0.227,validation
Solomon Islands,2001,SLB,3.979,0.162,449137.0,0.238,validation
Solomon Islands,2002,SLB,4.526,0.165,457676.0,0.245,validation
Solomon Islands,2003,SLB,4.709,0.17,466164.0,0.256,validation
Solomon Islands,2004,SLB,6.768,0.176,474618.0,0.275,validation
Solomon Islands,2005,SLB,7.154,0.182,483090.0,0.282,validation
Solomon Islands,2006,SLB,5.566,0.187,491602.0,0.293,validation
Solomon Islands,2007,SLB,5.972,0.192,500168.0,0.3,validation
Solomon Islands,2008,SLB,6.819,0.199,508802.0,0.311,validation
Solomon Islands,2009,SLB,7.899,0.202,518150.0,0.322,validation
Solomon Islands,2010,SLB,7.193,0.208,532976.0,0.333,validation
Solomon Islands,2011,SLB,6.84,0.215,552958.0,0.348,validation
Solomon Islands,2012,SLB,5.671,0.222,573623.0,0.344,validation
Solomon Islands,2013,SLB,9.074,0.23,594952.0,0.377,validation
Solomon Islands,2014,SLB,6.84,0.236,616915.0,0.33,validation
Solomon Islands,2015,SLB,7.425,0.242,639423.0,0.297,validation
Solomon Islands,2016,SLB,6.894,0.247,662387.0,0.293,validation
Solomon Islands,2017,SLB,6.649,0.253,685677.0,0.289,validation
Solomon Islands,2018,SLB,5.806,0.259,709109.0,0.293,validation
Solomon Islands,2019,SLB,5.282,0.264,728156.0,0.297,validation
Solomon Islands,2020,SLB,4.878,0.27,744505.0,0.293,validation
Solomon Islands,2021,SLB,4.582,0.275,762594.0,0.289,validation
Solomon Islands,2022,SLB,4.452,0.281,781075.0,0.283,validation
Solomon Islands,2023,SLB,4.296,0.286,800014.0,0.282,validation
Solomon Islands,2024,SLB,4.145,0.292,819206.0,0.295,validation
Somalia,2000,SOM,4.338,22.412,8838714.0,0.509,train
Somalia,2001,SOM,4.336,22.765,9198495.0,0.542,train
Somalia,2002,SOM,4.419,23.146,9550069.0,0.575,train
Somalia,2003,SOM,4.409,23.598,9909161.0,0.605,train
Somalia,2004,SOM,4.14,23.929,10281001.0,0.627,train
Somalia,2005,SOM,3.927,24.405,10644234.0,0.649,train
Somalia,2006,SOM,3.723,23.759,10975502.0,0.671,train
Somalia,2007,SOM,3.827,22.845,11322581.0,0.692,train
Somalia,2008,SOM,3.679,23.26,11663090.0,0.722,train
Somalia,2009,SOM,3.596,23.582,11961205.0,0.744,train
Somalia,2010,SOM,3.417,23.824,12261761.0,0.777,train
Somalia,2011,SOM,3.451,24.103,12348829.0,0.81,train
Somalia,2012,SOM,3.709,24.311,12461163.0,0.832,train
Somalia,2013,SOM,3.467,24.355,12869599.0,0.857,train
Somalia,2014,SOM,3.275,24.449,13339497.0,0.887,train
Somalia,2015,SOM,3.129,24.354,13806969.0,0.923,train
Somalia,2016,SOM,3.023,24.491,14348741.0,0.956,train
Somalia,2017,SOM,2.937,24.528,14916630.0,0.993,train
Somalia,2018,SOM,2.868,24.781,15452489.0,1.033,train
Somalia,2019,SOM,2.819,25.14,16030969.0,1.07,train
Somalia,2020,SOM,2.752,25.398,16651200.0,1.14,train
Somalia,2021,SOM,2.666,25.143,17271435.0,1.154,train
Somalia,2022,SOM,2.627,25.239,17801895.0,1.271,train
Somalia,2023,SOM,2.572,25.279,18358622.0,1.296,train
Somalia,2024,SOM,2.517,25.275,19009155.0,1.319,train
South Africa,2000,ZAF,10.754,77.98,47159715.0,378.333,validation
South Africa,2001,ZAF,10.46,77.52,47566805.0,371.602,validation
South Africa,2002,ZAF,9.94,77.387,48019414.0,356.501,validation
South Africa,2003,ZAF,10.765,79.97,48500351.0,404.406,validation
South Africa,2004,ZAF,11.557,80.587,48991420.0,449.322,validation
South Africa,2005,ZAF,10.695,81.855,49490041.0,416.205,validation
South Africa,2006,ZAF,11.243,81.391,49998271.0,446.744,validation
South Africa,2007,ZAF,11.641,82.957,50528575.0,465.034,validation
South Africa,2008,ZAF,12.001,85.087,51114595.0,494.673,validation
South Africa,2009,ZAF,11.351,84.236,51728518.0,474.512,validation
South Africa,2010,ZAF,10.974,84.606,52344047.0,467.353,validation
South Africa,2011,ZAF,10.952,84.478,52995212.0,474.273,validation
South Africa,2012,ZAF,10.632,87.855,53782570.0,461.438,validation
South Africa,2013,ZAF,10.338,87.75,54678789.0,456.188,validation
South Africa,2014,ZAF,10.626,88.512,55594840.0,481.638,validation
South Africa,2015,ZAF,9.952,87.344,56723536.0,457.473,validation
South Africa,2016,ZAF,9.811,85.799,57259550.0,457.05,validation
South Africa,2017,ZAF,9.493,87.121,57635158.0,440.01,validation
South Africa,2018,ZAF,9.562,86.077,58613001.0,453.766,validation
South Africa,2019,ZAF,9.693,85.415,59587880.0,470.727,validation
South Africa,2020,ZAF,8.939,83.513,60562374.0,435.298,validation
South Africa,2021,ZAF,8.873,81.623,61502602.0,439.464,validation
South Africa,2022,ZAF,8.55,81.235,62378417.0,428.782,validation
South Africa,2023,ZAF,8.565,81.081,63212386.0,436.604,validation
South Africa,2024,ZAF,8.479,79.29,64007187.0,439.831,validation
South Korea,2000,KOR,10.267,29.844,46766660.0,439.981,test
South Korea,2001,KOR,10.515,29.549,47043467.0,455.631,test
South Korea,2002,KOR,10.775,27.652,47299118.0,476.065,test
South Korea,2003,KOR,10.921,27.804,47514158.0,485.213,test
South Korea,2004,KOR,11.035,28.199,47697076.0,491.389,test
South Korea,2005,KOR,11.156,28.38,47851646.0,498.688,test
South Korea,2006,KOR,11.204,28.957,48006518.0,503.478,test
South Korea,2007,KOR,11.548,29.265,48178122.0,521.709,test
South Korea,2008,KOR,11.668,26.301,48356485.0,532.651,test
South Korea,2009,KOR,11.753,26.965,48546690.0,537.82,test
South Korea,2010,KOR,12.869,27.436,48769329.0,594.339,test
South Korea,2011,KOR,13.464,27.545,49127640.0,623.443,test
South Korea,2012,KOR,13.347,28.264,49599580.0,627.943,test
South Korea,2013,KOR,13.335,28.333,50071168.0,634.581,test
South Korea,2014,KOR,13.163,28.679,50539055.0,629.366,test
South Korea,2015,KOR,13.166,29.313,50983909.0,634.177,test
South Korea,2016,KOR,13.14,29.334,51297836.0,637.914,test
South Korea,2017,KOR,13.433,29.824,51486268.0,654.537,test
South Korea,2018,KOR,13.731,29.995,51640894.0,670.169,test
South Korea,2019,KOR,13.195,30.135,51767844.0,646.102,test
South Korea,2020,KOR,12.277,32.963,51858481.0,597.634,test
South Korea,2021,KOR,12.68,36.495,51848401.0,616.075,test
South Korea,2022,KOR,12.583,37.113,51782515.0,606.877,test
South Korea,2023,KOR,12.231,36.455,51748744.0,589.178,test
South Korea,2024,KOR,12.192,39.67,51717587.0,583.679,test
South Sudan,2000,SSD,10.208,30.929,6032274.0,0.445,train
South Sudan,2001,SSD,8.273,25.815,6308399.0,0.511,train
South Sudan,2002,SSD,9.733,28.801,6596810.0,0.652,train
South Sudan,2003,SSD,8.965,28.92,6903129.0,0.728,train
South Sudan,2004,SSD,8.908,29.784,7233040.0,0.92,train
South Sudan,2005,SSD,8.587,31.115,7590147.0,0.882,train
South Sudan,2006,SSD,7.726,28.886,7976532.0,0.965,train
South Sudan,2007,SSD,7.748,31.416,8388785.0,1.134,train
South Sudan,2008,SSD,5.769,30.976,8817645.0,1.198,train
South Sudan,2009,SSD,7.54,31.843,9243560.0,1.248,train
South Sudan,2010,SSD,7.035,29.508,9745955.0,1.27,train
South Sudan,2011,SSD,7.681,30.387,10288112.0,1.239,train
South Sudan,2012,SSD,6.492,31.612,10756245.0,1.33,train
South Sudan,2013,SSD,5.665,31.284,11166280.0,1.444,train
South Sudan,2014,SSD,5.27,31.721,11235071.0,1.499,train
South Sudan,2015,SSD,5.618,31.923,11107569.0,1.913,train
South Sudan,2016,SSD,5.896,32.376,10830108.0,1.704,train
South Sudan,2017,SSD,5.885,31.031,10259150.0,1.455,train
South Sudan,2018,SSD,6.53,34.543,10122983.0,1.737,train
South Sudan,2019,SSD,5.002,29.816,10423382.0,1.77,train
South Sudan,2020,SSD,6.276,33.521,10698471.0,1.707,train
South Sudan,2021,SSD,5.675,32.066,10865786.0,1.74,train
South Sudan,2022,SSD,5.279,30.823,11021175.0,1.634,train
South Sudan,2023,SSD,5.084,30.917,11483370.0,1.666,train
South Sudan,2024,SSD,4.927,31.28,11943410.0,1.696,train
Spain,2000,ESP,8.812,45.728,41019772.0,309.26,test
Spain,2001,ESP,8.902,46.678,41245602.0,311.031,test
Spain,2002,ESP,9.411,47.206,41755703.0,331.028,test
Spain,2003,ESP,9.432,47.092,42506540.0,335.539,test
Spain,2004,ESP,9.53,47.019,43234562.0,352.139,test
Spain,2005,ESP,9.601,46.895,43958883.0,367.447,test
Spain,2006,ESP,9.186,46.748,44695446.0,358.869,test
Spain,2007,ESP,9.249,47.691,45516501.0,366.469,test
Spain,2008,ESP,8.35,46.432,46235055.0,335.284,test
Spain,2009,ESP,7.483,49.206,46635182.0,296.159,test
Spain,2010,ESP,7.064,47.536,46840469.0,282.585,test
Spain,2011,ESP,7.532,46.791,46998040.0,283.275,test
Spain,2012,ESP,6.948,45.211,47018323.0,277.432,test
Spain,2013,ESP,6.465,43.305,46860394.0,252.109,test
Spain,2014,ESP,6.513,44.21,46720187.0,253.658,test
Spain,2015,ESP,6.845,45.507,46683683.0,270.248,test
Spain,2016,ESP,6.635,45.157,46732768.0,259.555,test
Spain,2017,ESP,6.838,45.153,46868594.0,273.484,test
Spain,2018,ESP,6.811,46.051,47092817.0,268.521,test
Spain,2019,ESP,6.318,45.547,47435121.0,250.674,test
Spain,2020,ESP,5.523,46.022,47679482.0,211.765,test
Spain,2021,ESP,6.157,45.944,47735670.0,228.806,test
Spain,2022,ESP,6.086,44.986,47828386.0,234.223,test
Spain,2023,ESP,5.644,44.667,47911583.0,215.461,test
Spain,2024,ESP,5.742,44.595,47910533.0,220.341,test
Sri Lanka,2000,LKA,1.683,8.925,19293056.0,9.99,train
Sri Lanka,2001,LKA,1.607,8.712,19600361.0,10.158,train
Sri Lanka,2002,LKA,1.692,8.813,19805750.0,10.787,train
Sri Lanka,2003,LKA,1.738,9.154,19951521.0,10.761,train
Sri Lanka,2004,LKA,2.939,8.763,20087608.0,11.908,train
Sri Lanka,2005,LKA,2.06,9.471,20216531.0,11.67,train
Sri Lanka,2006,LKA,1.969,9.514,20352416.0,11.503,train
Sri Lanka,2007,LKA,2.963,9.346,20492546.0,11.844,train
Sri Lanka,2008,LKA,2.441,10.198,20629377.0,11.648,train
Sri Lanka,2009,LKA,2.194,9.842,20756438.0,12.572,train
Sri Lanka,2010,LKA,2.548,10.512,20879092.0,12.697,train
Sri Lanka,2011,LKA,2.291,10.314,21009054.0,14.476,train
Sri Lanka,2012,LKA,2.051,10.434,21169461.0,15.389,train
Sri Lanka,2013,LKA,1.849,10.691,21358829.0,14.143,train
Sri Lanka,2014,LKA,1.866,9.677,21547454.0,17.076,train
Sri Lanka,2015,LKA,2.084,10.647,21729975.0,19.179,train
Sri Lanka,2016,LKA,2.131,10.266,21910763.0,22.339,train
Sri Lanka,2017,LKA,2.237,9.272,22087525.0,22.168,train
Sri Lanka,2018,LKA,1.961,10.204,22253116.0,20.137,train
Sri Lanka,2019,LKA,1.902,9.982,22410552.0,21.106,train
Sri Lanka,2020,LKA,1.847,10.423,22561808.0,20.412,train
Sri Lanka,2021,LKA,1.823,10.71,22700377.0,20.823,train
Sri Lanka,2022,LKA,1.744,10.682,22834965.0,18.377,train
Sri Lanka,2023,LKA,1.786,10.812,22971615.0,19.166,train
Sri Lanka,2024,LKA,1.848,11.097,23103561.0,20.826,train
Sudan,2000,SDN,3.496,53.065,27816748.0,5.292,validation
Sudan,2001,SDN,3.613,54.062,28516774.0,6.018,validation
Sudan,2002,SDN,5.294,55.791,29228728.0,7.634,validation
Sudan,2003,SDN,4.578,57.518,29896038.0,8.515,validation
Sudan,2004,SDN,4.816,58.359,30556641.0,10.866,validation
Sudan,2005,SDN,4.162,59.424,31262447.0,10.558,validation
Sudan,2006,SDN,4.309,59.658,31992438.0,11.545,validation
Sudan,2007,SDN,4.09,60.898,32764139.0,13.564,validation
Sudan,2008,SDN,4.242,61.216,33623980.0,14.179,validation
Sudan,2009,SDN,3.699,61.982,34569114.0,14.805,validation
Sudan,2010,SDN,4.51,61.95,35414403.0,15.07,validation
Sudan,2011,SDN,6.017,60.701,36140808.0,14.711,validation
Sudan,2012,SDN,4.53,62.33,36923175.0,15.763,validation
Sudan,2013,SDN,3.833,63.207,37785852.0,17.374,validation
Sudan,2014,SDN,3.744,63.788,38823324.0,13.095,validation
Sudan,2015,SDN,3.574,64.676,40024433.0,14.247,validation
Sudan,2016,SDN,3.605,65.234,41259892.0,19.737,validation
Sudan,2017,SDN,3.509,65.961,42714311.0,20.306,validation
Sudan,2018,SDN,3.197,66.508,44230597.0,20.516,validation
Sudan,2019,SDN,2.965,67.248,45548179.0,22.007,validation
Sudan,2020,SDN,2.936,68.294,46789237.0,19.8,validation
Sudan,2021,SDN,2.788,68.835,48066930.0,19.208,validation
Sudan,2022,SDN,2.692,68.906,49383344.0,17.529,validation
Sudan,2023,SDN,2.665,69.004,50042800.0,17.716,validation
Sudan,2024,SDN,2.662,69.695,50448960.0,17.795,validation
Suriname,2000,SUR,12.373,0.854,476647.0,2.193,train
Suriname,2001,SUR,10.731,0.902,486566.0,2.363,train
Suriname,2002,SUR,12.186,0.749,496566.0,1.561,train
Suriname,2003,SUR,11.975,0.834,506421.0,1.539,train
Suriname,2004,SUR,8.993,0.824,513928.0,1.553,train
Suriname,2005,SUR,8.366,0.785,519321.0,1.586,train
Suriname,2006,SUR,7.705,0.808,525003.0,1.74,train
Suriname,2007,SUR,8.341,0.811,531026.0,1.758,train
Suriname,2008,SUR,13.43,0.856,537252.0,1.941,train
Suriname,2009,SUR,9.783,0.959,543580.0,1.989,train
Suriname,2010,SUR,10.858,0.952,549931.0,2.375,train
Suriname,2011,SUR,10.057,0.986,556279.0,2.758,train
Suriname,2012,SUR,14.042,0.953,562640.0,2.494,train
Suriname,2013,SUR,14.593,0.981,569024.0,3.151,train
Suriname,2014,SUR,12.696,1.013,575380.0,3.201,train
Suriname,2015,SUR,10.873,0.992,581634.0,2.714,train
Suriname,2016,SUR,11.466,1.004,587765.0,2.914,train
Suriname,2017,SUR,10.604,0.984,593720.0,2.43,train
Suriname,2018,SUR,9.664,0.956,599519.0,2.093,train
Suriname,2019,SUR,10.658,1.001,605779.0,2.632,train
Suriname,2020,SUR,10.325,0.975,612320.0,2.922,train
Suriname,2021,SUR,9.409,0.965,617905.0,2.647,train
Suriname,2022,SUR,9.317,0.95,623172.0,2.828,train
Suriname,2023,SUR,9.023,0.937,628892.0,2.869,train
Suriname,2024,SUR,8.89,0.92,634438.0,2.988,train
Sweden,2000,SWE,7.879,10.953,8872099.0,54.892,train
Sweden,2001,SWE,8.091,10.946,8896018.0,55.782,train
Sweden,2002,SWE,8.153,11.161,8925045.0,56.634,train
Sweden,2003,SWE,8.412,11.217,8958434.0,57.221,train
Sweden,2004,SWE,8.756,11.538,8993805.0,56.428,train
Sweden,2005,SWE,8.497,9.793,9029771.0,53.787,train
Sweden,2006,SWE,8.252,9.902,9080628.0,53.651,train
Sweden,2007,SWE,8.116,9.603,9148280.0,52.879,train
Sweden,2008,SWE,7.847,9.334,9219903.0,50.765,train
Sweden,2009,SWE,7.389,9.263,9298738.0,47.143,train
Sweden,2010,SWE,8.036,8.888,9378234.0,53.029,train
Sweden,2011,SWE,7.316,8.887,9449263.0,49.114,train
Sweden,2012,SWE,7.085,8.814,9519477.0,46.607,train
Sweden,2013,SWE,6.711,8.523,9600620.0,45.106,train
Sweden,2014,SWE,6.417,8.22,9696438.0,43.385,train
Sweden,2015,SWE,6.41,8.035,9799483.0,43.31,train
Sweden,2016,SWE,6.391,8.028,9923281.0,43.308,train
Sweden,2017,SWE,6.327,8.096,10057864.0,42.355,train
Sweden,2018,SWE,6.108,8.039,10175400.0,41.856,train
Sweden,2019,SWE,6.0,7.938,10279120.0,40.772,train
Sweden,2020,SWE,5.448,7.964,10353682.0,36.622,train
Sweden,2021,SWE,5.744,7.942,10416134.0,38.568,train
Sweden,2022,SWE,5.46,7.94,10487335.0,36.342,train
Sweden,2023,SWE,5.446,7.923,10551493.0,36.709,train
Sweden,2024,SWE,5.369,7.925,10606993.0,38.097,train
Switzerland,2000,CHE,7.384,5.823,7184003.0,43.621,train
Switzerland,2001,CHE,7.558,5.86,7226391.0,45.085,train
Switzerland,2002,CHE,7.2,5.77,7278744.0,43.467,train
Switzerland,2003,CHE,7.287,5.649,7333451.0,44.651,train
Switzerland,2004,CHE,7.255,5.608,7384196.0,45.231,train
Switzerland,2005,CHE,7.283,5.678,7431824.0,45.776,train
Switzerland,2006,CHE,7.193,5.716,7478514.0,45.365,train
Switzerland,2007,CHE,6.86,5.705,7545386.0,43.359,train
Switzerland,2008,CHE,6.949,5.854,7641730.0,44.701,train
Switzerland,2009,CHE,6.643,5.475,7737644.0,43.526,train
Switzerland,2010,CHE,6.764,5.526,7825750.0,45.034,train
Switzerland,2011,CHE,6.136,5.467,7914379.0,40.973,train
Switzerland,2012,CHE,6.233,5.478,7998927.0,42.242,train
Switzerland,2013,CHE,6.31,5.518,8091199.0,43.183,train
Switzerland,2014,CHE,5.727,5.544,8190238.0,39.244,train
Switzerland,2015,CHE,5.609,5.584,8283940.0,38.756,train
Switzerland,2016,CHE,5.604,5.63,8374903.0,39.225,train
Switzerland,2017,CHE,5.464,5.658,8453630.0,38.234,train
Switzerland,2018,CHE,5.262,5.695,8516341.0,36.945,train
Switzerland,2019,CHE,5.185,5.684,8577525.0,36.822,train
Switzerland,2020,CHE,4.85,5.719,8640582.0,34.343,train
Switzerland,2021,CHE,5.038,5.842,8707019.0,35.902,train
Switzerland,2022,CHE,4.635,5.879,8792180.0,32.951,train
Switzerland,2023,CHE,4.502,5.953,8870564.0,31.977,train
Switzerland,2024,CHE,4.496,6.025,8921979.0,32.072,train
Syria,2000,SYR,5.591,33.839,16637884.0,54.527,train
Syria,2001,SYR,4.783,26.587,17051337.0,51.343,train
Syria,2002,SYR,3.899,21.942,17468335.0,40.727,train
Syria,2003,SYR,4.768,21.878,17889297.0,55.377,train
Syria,2004,SYR,4.234,19.998,18336879.0,51.692,train
Syria,2005,SYR,4.161,20.522,18814092.0,51.162,train
Syria,2006,SYR,4.155,19.61,19637016.0,54.04,train
Syria,2007,SYR,4.475,19.788,20884136.0,66.973,train
Syria,2008,SYR,4.263,18.265,21636566.0,68.084,train
Syria,2009,SYR,4.049,19.7,21976971.0,63.261,train
Syria,2010,SYR,3.852,19.204,22482417.0,62.057,train
Syria,2011,SYR,3.65,18.615,22878104.0,59.078,train
Syria,2012,SYR,2.862,13.561,22759763.0,46.339,train
Syria,2013,SYR,2.275,10.681,21666921.0,34.257,train
Syria,2014,SYR,2.407,9.96,20273661.0,34.869,train
Syria,2015,SYR,2.28,9.5,19424615.0,31.115,train
Syria,2016,SYR,2.192,9.283,19193835.0,29.162,train
Syria,2017,SYR,2.41,8.782,19224671.0,34.473,train
Syria,2018,SYR,2.121,7.033,19577849.0,31.771,train
Syria,2019,SYR,2.155,6.971,20353536.0,33.492,train
Syria,2020,SYR,1.975,7.058,21049431.0,32.344,train
Syria,2021,SYR,1.852,6.581,21628837.0,32.508,train
Syria,2022,SYR,1.72,6.335,22462170.0,31.423,train
Syria,2023,SYR,1.657,6.431,23594623.0,31.674,train
Syria,2024,SYR,1.565,6.135,24672758.0,31.778,train
Taiwan,2000,TWN,10.918,11.717,22332873.0,226.934,train
Taiwan,2001,TWN,11.123,12.717,22446254.0,231.431,train
Taiwan,2002,TWN,11.389,12.645,22566898.0,238.567,train
Taiwan,2003,TWN,11.805,12.865,22664130.0,249.129,train
Taiwan,2004,TWN,12.226,13.157,22745432.0,259.367,train
Taiwan,2005,TWN,12.518,13.454,22824932.0,266.888,train
Taiwan,2006,TWN,12.916,13.504,22914644.0,276.552,train
Taiwan,2007,TWN,13.06,14.444,23006921.0,280.08,train
Taiwan,2008,TWN,12.404,13.838,23086238.0,266.975,train
Taiwan,2009,TWN,11.773,14.319,23164353.0,253.028,train
Taiwan,2010,TWN,12.527,14.517,23224049.0,270.718,train
Taiwan,2011,TWN,12.743,14.227,23273078.0,276.771,train
Taiwan,2012,TWN,12.566,14.43,23345963.0,273.282,train
Taiwan,2013,TWN,12.596,14.888,23416870.0,274.576,train
Taiwan,2014,TWN,12.673,15.108,23472811.0,276.959,train
Taiwan,2015,TWN,12.612,15.119,23529260.0,276.264,train
Taiwan,2016,TWN,12.762,15.349,23586140.0,280.197,train
Taiwan,2017,TWN,12.975,15.277,23632950.0,285.736,train
Taiwan,2018,TWN,12.908,15.542,23659308.0,284.151,train
Taiwan,2019,TWN,12.507,15.616,23674137.0,274.704,train
Taiwan,2020,TWN,12.42,15.403,23663461.0,272.464,train
Taiwan,2021,TWN,12.972,15.707,23558330.0,283.821,train
Taiwan,2022,TWN,12.605,15.644,23420107.0,273.989,train
Taiwan,2023,TWN,12.36,15.36,23317145.0,267.127,train
Taiwan,2024,TWN,12.214,15.465,23213964.0,262.345,train
Tajikistan,2000,TJK,1.149,3.225,6284737.0,2.236,test
Tajikistan,2001,TJK,1.144,3.274,6407376.0,2.287,test
Tajikistan,2002,TJK,1.115,3.38,6531674.0,1.872,test
Tajikistan,2003,TJK,1.199,3.516,6658575.0,2.072,test
Tajikistan,2004,TJK,1.295,3.722,6790555.0,2.562,test
Tajikistan,2005,TJK,1.368,3.955,6924722.0,2.441,test
Tajikistan,2006,TJK,1.357,4.156,7057566.0,2.656,test
Tajikistan,2007,TJK,1.446,4.36,7194479.0,3.229,test
Tajikistan,2008,TJK,1.525,4.89,7338402.0,2.897,test
Tajikistan,2009,TJK,1.204,5.169,7490232.0,2.445,test
Tajikistan,2010,TJK,1.108,5.26,7652144.0,2.535,test
Tajikistan,2011,TJK,1.051,5.439,7824788.0,2.342,test
Tajikistan,2012,TJK,1.305,5.814,8014087.0,2.934,test
Tajikistan,2013,TJK,1.383,6.049,8216733.0,2.908,test
Tajikistan,2014,TJK,1.647,6.332,8425559.0,4.606,test
Tajikistan,2015,TJK,1.79,6.646,8643839.0,5.307,test
Tajikistan,2016,TJK,1.893,6.957,8865623.0,6.016,test
Tajikistan,2017,TJK,1.87,7.218,9085942.0,6.879,test
Tajikistan,2018,TJK,1.9,7.328,9307345.0,8.081,test
Tajikistan,2019,TJK,1.954,7.491,9529970.0,8.714,test
Tajikistan,2020,TJK,1.987,7.64,9749312.0,9.423,test
Tajikistan,2021,TJK,1.944,7.684,9966912.0,9.384,test
Tajikistan,2022,TJK,2.042,7.876,10182228.0,10.521,test
Tajikistan,2023,TJK,1.992,7.981,10389807.0,10.264,test
Tajikistan,2024,TJK,2.023,8.099,10590930.0,10.74,test
Tanzania,2000,TZA,2.775,31.226,34260142.0,2.572,test
Tanzania,2001,TZA,2.715,31.889,35198303.0,3.041,test
Tanzania,2002,TZA,3.069,34.656,36121301.0,3.486,test
Tanzania,2003,TZA,3.616,37.48,37089555.0,3.687,test
Tanzania,2004,TZA,3.923,36.868,38109666.0,4.221,test
Tanzania,2005,TZA,4.169,38.752,39182083.0,5.356,test
Tanzania,2006,TZA,4.665,37.584,40294900.0,5.876,test
Tanzania,2007,TZA,4.507,38.839,41435508.0,5.706,test
Tanzania,2008,TZA,4.002,40.735,42570728.0,5.989,test
Tanzania,2009,TZA,3.986,41.23,43633975.0,5.807,test
Tanzania,2010,TZA,4.373,43.438,44758491.0,7.194,test
Tanzania,2011,TZA,3.893,45.354,46029371.0,8.44,test
Tanzania,2012,TZA,3.696,45.986,47374261.0,10.367,test
Tanzania,2013,TZA,3.579,48.186,48824134.0,11.251,test
Tanzania,2014,TZA,3.683,49.356,50351506.0,10.997,test
Tanzania,2015,TZA,3.504,51.612,52020958.0,12.783,test
Tanzania,2016,TZA,3.377,52.508,53824012.0,13.529,test
Tanzania,2017,TZA,3.208,51.846,55652888.0,13.513,test
Tanzania,2018,TZA,3.107,52.309,57437134.0,14.233,test
Tanzania,2019,TZA,3.098,54.728,59174889.0,16.191,test
Tanzania,2020,TZA,2.857,57.361,60972803.0,15.952,test
Tanzania,2021,TZA,2.626,58.562,62830410.0,17.678,test
Tanzania,2022,TZA,2.654,58.696,64711822.0,19.702,test
Tanzania,2023,TZA,2.682,60.689,66617607.0,20.31,test
Tanzania,2024,TZA,2.71,61.985,68560162.0,20.018,test
Thailand,2000,THA,5.306,82.667,63007815.0,167.352,train
Thailand,2001,THA,5.401,84.285,63651137.0,172.267,train
Thailand,2002,THA,5.536,83.555,64266433.0,184.665,train
Thailand,2003,THA,5.683,87.695,64868164.0,191.088,train
Thailand,2004,THA,5.938,89.596,65452049.0,207.331,train
Thailand,2005,THA,6.048,92.053,66017415.0,214.325,train
Thailand,2006,THA,6.047,93.174,66567685.0,215.825,train
Thailand,2007,THA,6.487,97.886,67102388.0,224.083,train
Thailand,2008,THA,6.341,98.921,67619835.0,224.249,train
Thailand,2009,THA,6.399,101.885,68121077.0,228.836,train
Thailand,2010,THA,6.694,107.371,68579443.0,241.019,train
Thailand,2011,THA,6.55,106.081,69007212.0,244.878,train
Thailand,2012,THA,6.571,106.888,69436091.0,262.348,train
Thailand,2013,THA,6.471,105.641,69845112.0,263.754,train
Thailand,2014,THA,6.528,100.16,70216362.0,272.488,train
Thailand,2015,THA,6.322,96.053,70540787.0,277.099,train
Thailand,2016,THA,6.328,97.366,70859835.0,284.045,train
Thailand,2017,THA,6.269,96.405,71160183.0,283.348,train
Thailand,2018,THA,6.521,93.232,71376081.0,288.305,train
Thailand,2019,THA,6.722,89.534,71522264.0,281.877,train
Thailand,2020,THA,6.72,92.627,71641484.0,271.923,train
Thailand,2021,THA,6.199,93.565,71727338.0,267.142,train
Thailand,2022,THA,6.399,94.947,71735321.0,272.573,train
Thailand,2023,THA,6.268,93.381,71702436.0,264.734,train
Thailand,2024,THA,6.373,95.815,71668010.0,267.76,train
Togo,2000,TGO,2.109,3.217,4783721.0,1.331,validation
Togo,2001,TGO,1.821,3.084,4904135.0,1.159,validation
Togo,2002,TGO,1.758,3.267,5027128.0,1.322,validation
Togo,2003,TGO,1.634,3.376,5154113.0,1.805,validation
Togo,2004,TGO,1.72,3.33,5281320.0,1.744,validation
Togo,2005,TGO,2.168,3.846,5413151.0,1.722,validation
Togo,2006,TGO,1.765,3.691,5569659.0,1.501,validation
Togo,2007,TGO,1.748,3.593,5748437.0,1.517,validation
Togo,2008,TGO,1.662,3.77,5936140.0,1.523,validation
Togo,2009,TGO,1.615,4.004,6130944.0,2.536,validation
Togo,2010,TGO,1.62,4.026,6325791.0,2.596,validation
Togo,2011,TGO,2.308,4.361,6500577.0,2.504,validation
Togo,2012,TGO,1.709,4.368,6653719.0,2.216,validation
Togo,2013,TGO,1.412,4.603,6798851.0,1.635,validation
Togo,2014,TGO,1.206,4.474,6937647.0,1.491,validation
Togo,2015,TGO,1.251,4.79,7071500.0,1.798,validation
Togo,2016,TGO,1.301,4.817,7200883.0,2.293,validation
Togo,2017,TGO,1.356,4.903,7324379.0,1.912,validation
Togo,2018,TGO,1.326,5.07,7458205.0,2.034,validation
Togo,2019,TGO,1.293,5.254,7619916.0,2.364,validation
Togo,2020,TGO,1.391,5.652,7788058.0,2.751,validation
Togo,2021,TGO,1.366,5.731,7936185.0,2.62,validation
Togo,2022,TGO,1.444,5.998,8068616.0,2.739,validation
Togo,2023,TGO,1.456,6.099,8223853.0,2.671,validation
Togo,2024,TGO,1.518,6.358,8406554.0,2.754,validation
Tonga,2000,TON,1.711,0.094,102695.0,0.099,validation
Tonga,2001,TON,1.644,0.094,103305.0,0.092,validation
Tonga,2002,TON,1.687,0.094,103888.0,0.095,validation
Tonga,2003,TON,1.901,0.095,104481.0,0.117,validation
Tonga,2004,TON,1.889,0.095,105088.0,0.114,validation
Tonga,2005,TON,2.18,0.095,105684.0,0.114,validation
Tonga,2006,TON,2.366,0.095,106266.0,0.128,validation
Tonga,2007,TON,2.166,0.096,106744.0,0.114,validation
Tonga,2008,TON,2.331,0.096,107036.0,0.106,validation
Tonga,2009,TON,2.402,0.096,107219.0,0.121,validation
Tonga,2010,TON,2.331,0.097,107415.0,0.117,validation
Tonga,2011,TON,2.442,0.097,107584.0,0.106,validation
Tonga,2012,TON,2.413,0.098,107476.0,0.106,validation
Tonga,2013,TON,2.666,0.098,107093.0,0.11,validation
Tonga,2014,TON,2.726,0.099,106627.0,0.106,validation
Tonga,2015,TON,2.681,0.1,106110.0,0.106,validation
Tonga,2016,TON,2.957,0.1,105536.0,0.139,validation
Tonga,2017,TON,2.951,0.101,105373.0,0.143,validation
Tonga,2018,TON,2.749,0.101,105590.0,0.132,validation
Tonga,2019,TON,2.959,0.102,105688.0,0.161,validation
Tonga,2020,TON,2.705,0.103,105721.0,0.139,validation
Tonga,2021,TON,2.668,0.103,105504.0,0.139,validation
Tonga,2022,TON,2.692,0.104,105053.0,0.147,validation
Tonga,2023,TON,2.632,0.104,104613.0,0.146,validation
Tonga,2024,TON,2.638,0.104,104192.0,0.153,validation
Trinidad and Tobago,2000,TTO,22.116,4.151,1319781.0,24.35,train
Trinidad and Tobago,2001,TTO,23.895,4.324,1325573.0,26.74,train
Trinidad and Tobago,2002,TTO,25.543,4.545,1332017.0,28.683,train
Trinidad and Tobago,2003,TTO,28.324,4.896,1338718.0,32.37,train
Trinidad and Tobago,2004,TTO,28.684,5.203,1345386.0,32.688,train
Trinidad and Tobago,2005,TTO,33.273,6.018,1352040.0,38.205,train
Trinidad and Tobago,2006,TTO,36.918,6.647,1358706.0,42.708,train
Trinidad and Tobago,2007,TTO,38.789,6.573,1365381.0,45.564,train
Trinidad and Tobago,2008,TTO,37.625,6.318,1372090.0,44.443,train
Trinidad and Tobago,2009,TTO,37.481,6.39,1379056.0,44.417,train
Trinidad and Tobago,2010,TTO,39.348,6.502,1386657.0,47.092,train
Trinidad and Tobago,2011,TTO,39.093,6.398,1394990.0,47.043,train
Trinidad and Tobago,2012,TTO,37.934,6.037,1403814.0,46.159,train
Trinidad and Tobago,2013,TTO,37.217,5.96,1412658.0,45.799,train
Trinidad and Tobago,2014,TTO,37.882,5.895,1421135.0,46.866,train
Trinidad and Tobago,2015,TTO,36.834,5.854,1429190.0,45.534,train
Trinidad and Tobago,2016,TTO,32.362,5.463,1437031.0,39.867,train
Trinidad and Tobago,2017,TTO,32.574,5.557,1445265.0,40.297,train
Trinidad and Tobago,2018,TTO,32.031,5.562,1470522.0,40.307,train
Trinidad and Tobago,2019,TTO,32.027,5.598,1484898.0,40.755,train
Trinidad and Tobago,2020,TTO,28.142,5.418,1481026.0,35.043,train
Trinidad and Tobago,2021,TTO,28.856,5.297,1487715.0,36.389,train
Trinidad and Tobago,2022,TTO,29.458,5.311,1495923.0,37.493,train
Trinidad and Tobago,2023,TTO,27.987,5.281,1502938.0,35.536,train
Trinidad and Tobago,2024,TTO,27.181,5.159,1507778.0,34.576,train
Tunisia,2000,TUN,3.051,8.125,9764940.0,19.436,train
Tunisia,2001,TUN,3.146,8.201,9869679.0,20.261,train
Tunisia,2002,TUN,3.186,8.243,9971521.0,20.38,train
Tunisia,2003,TUN,3.2,8.15,10071638.0,21.042,train
Tunisia,2004,TUN,3.271,8.364,10166170.0,22.144,train
Tunisia,2005,TUN,3.41,8.783,10255474.0,22.516,train
Tunisia,2006,TUN,3.51,9.301,10346408.0,22.915,train
Tunisia,2007,TUN,3.736,9.382,10441705.0,24.725,train
Tunisia,2008,TUN,3.824,10.179,10542637.0,25.453,train
Tunisia,2009,TUN,4.224,10.073,10650682.0,25.353,train
Tunisia,2010,TUN,4.099,9.606,10765984.0,27.9,train
Tunisia,2011,TUN,3.679,9.211,10886041.0,26.429,train
Tunisia,2012,TUN,3.839,9.153,11009649.0,28.194,train
Tunisia,2013,TUN,3.617,9.021,11141365.0,28.773,train
Tunisia,2014,TUN,3.662,8.845,11274295.0,29.875,train
Tunisia,2015,TUN,3.795,8.659,11402270.0,31.381,train
Tunisia,2016,TUN,3.876,8.528,11528676.0,30.971,train
Tunisia,2017,TUN,3.751,8.298,11650504.0,31.677,train
Tunisia,2018,TUN,3.643,8.263,11765515.0,31.122,train
Tunisia,2019,TUN,3.539,8.17,11875084.0,30.579,train
Tunisia,2020,TUN,3.345,8.176,11974058.0,28.845,train
Tunisia,2021,TUN,3.596,8.503,12048625.0,31.527,train
Tunisia,2022,TUN,3.482,8.299,12119338.0,30.785,train
Tunisia,2023,TUN,3.519,8.291,12200434.0,31.738,train
Tunisia,2024,TUN,3.546,8.397,12277103.0,32.664,train
Turkey,2000,TUR,4.9,53.463,65425957.0,232.934,train
Turkey,2001,TUR,4.673,54.26,66245125.0,216.872,train
Turkey,2002,TUR,4.452,48.641,67048792.0,224.32,train
Turkey,2003,TUR,5.02,49.169,67831735.0,239.849,train
Turkey,2004,TUR,4.847,45.418,68592621.0,247.843,train
Turkey,2005,TUR,4.878,47.103,69329557.0,267.711,train
Turkey,2006,TUR,5.135,52.969,70045351.0,285.429,train
Turkey,2007,TUR,5.48,56.576,70750593.0,316.497,train
Turkey,2008,TUR,5.343,56.071,71562343.0,312.628,train
Turkey,2009,TUR,5.533,59.277,72464846.0,318.568,train
Turkey,2010,TUR,5.421,64.569,73346766.0,318.71,train
Turkey,2011,TUR,5.852,67.176,74215203.0,344.215,train
Turkey,2012,TUR,6.039,72.493,75197196.0,358.645,train
Turkey,2013,TUR,5.997,76.338,76403032.0,350.634,train
Turkey,2014,TUR,6.097,80.29,78036154.0,367.272,train
Turkey,2015,TUR,6.311,82.37,80014222.0,387.704,train
Turkey,2016,TUR,6.452,85.08,81652087.0,405.552,train
Turkey,2017,TUR,6.703,88.521,83083667.0,430.622,train
Turkey,2018,TUR,6.357,96.097,84415966.0,423.818,train
Turkey,2019,TUR,6.263,98.343,85357670.0,406.568,train
Turkey,2020,TUR,6.604,101.798,86091691.0,416.328,train
Turkey,2021,TUR,7.277,105.223,86686254.0,457.377,train
Turkey,2022,TUR,7.022,106.863,87058469.0,443.603,train
Turkey,2023,TUR,7.52,108.547,87270502.0,486.945,train
Turkey,2024,TUR,7.774,111.797,87473800.0,513.035,train
Turkmenistan,2000,TKM,14.731,16.12,4582675.0,39.361,train
Turkmenistan,2001,TKM,13.561,16.317,4675416.0,34.034,train
Turkmenistan,2002,TKM,13.428,18.836,4769473.0,30.131,train
Turkmenistan,2003,TKM,15.85,22.587,4863871.0,40.568,train
Turkmenistan,2004,TKM,18.227,22.859,4958091.0,49.355,train
Turkmenistan,2005,TKM,16.876,21.744,5052260.0,47.929,train
Turkmenistan,2006,TKM,16.459,22.488,5147103.0,49.5,train
Turkmenistan,2007,TKM,15.782,21.771,5244047.0,49.183,train
Turkmenistan,2008,TKM,17.547,23.91,5345033.0,59.438,train
Turkmenistan,2009,TKM,15.07,19.804,5451597.0,52.462,train
Turkmenistan,2010,TKM,15.87,19.657,5564356.0,59.184,train
Turkmenistan,2011,TKM,16.988,21.795,5683413.0,65.155,train
Turkmenistan,2012,TKM,17.404,23.299,5808548.0,66.939,train
Turkmenistan,2013,TKM,16.515,24.61,5939348.0,64.34,train
Turkmenistan,2014,TKM,16.101,25.05,6075286.0,62.799,train
Turkmenistan,2015,TKM,16.244,25.676,6215773.0,63.092,train
Turkmenistan,2016,TKM,15.311,24.682,6360041.0,62.091,train
Turkmenistan,2017,TKM,14.88,24.146,6507065.0,62.957,train
Turkmenistan,2018,TKM,15.465,23.923,6655523.0,61.302,train
Turkmenistan,2019,TKM,15.618,24.051,6803943.0,62.254,train
Turkmenistan,2020,TKM,14.541,23.892,6949915.0,62.905,train
Turkmenistan,2021,TKM,18.06,23.806,7092042.0,91.694,train
Turkmenistan,2022,TKM,19.267,23.888,7230197.0,102.063,train
Turkmenistan,2023,TKM,18.018,23.492,7364437.0,95.421,train
Turkmenistan,2024,TKM,15.791,23.489,7494494.0,81.006,train
Turks and Caicos Islands,2000,TCA,6.125,0.008,18754.0,0.106,train
Turks and Caicos Islands,2001,TCA,6.258,0.009,19603.0,0.114,train
Turks and Caicos Islands,2002,TCA,7.775,0.009,20619.0,0.15,train
Turks and Caicos Islands,2003,TCA,7.315,0.004,21749.0,0.154,train
Turks and Caicos Islands,2004,TCA,7.409,0.007,22881.0,0.161,train
Turks and Caicos Islands,2005,TCA,8.177,0.009,24011.0,0.187,train
Turks and Caicos Islands,2006,TCA,8.976,0.008,25146.0,0.216,train
Turks and Caicos Islands,2007,TCA,9.996,0.009,26290.0,0.253,train
Turks and Caicos Islands,2008,TCA,10.021,0.01,27452.0,0.264,train
Turks and Caicos Islands,2009,TCA,10.018,0.01,28610.0,0.275,train
Turks and Caicos Islands,2010,TCA,9.854,0.009,29763.0,0.282,train
Turks and Caicos Islands,2011,TCA,9.524,0.01,30870.0,0.282,train
Turks and Caicos Islands,2012,TCA,9.155,0.011,32152.0,0.282,train
Turks and Caicos Islands,2013,TCA,8.864,0.011,33675.0,0.286,train
Turks and Caicos Islands,2014,TCA,9.101,0.01,35077.0,0.308,train
Turks and Caicos Islands,2015,TCA,8.923,0.01,36632.0,0.315,train
Turks and Caicos Islands,2016,TCA,8.779,0.008,38342.0,0.326,train
Turks and Caicos Islands,2017,TCA,9.06,0.008,39931.0,0.352,train
Turks and Caicos Islands,2018,TCA,8.879,0.008,41580.0,0.359,train
Turks and Caicos Islands,2019,TCA,8.624,0.007,43191.0,0.363,train
Turks and Caicos Islands,2020,TCA,8.282,0.007,44405.0,0.359,train
Turks and Caicos Islands,2021,TCA,8.278,0.006,45262.0,0.366,train
Turks and Caicos Islands,2022,TCA,8.14,0.006,45869.0,0.366,train
Turks and Caicos Islands,2023,TCA,8.054,0.005,46221.0,0.365,train
Turks and Caicos Islands,2024,TCA,8.281,0.004,46563.0,0.379,train
Tuvalu,2000,TUV,1.556,0.006,9566.0,0.007,train
Tuvalu,2001,TUV,1.549,0.006,9608.0,0.007,train
Tuvalu,2002,TUV,1.94,0.006,9645.0,0.011,train
Tuvalu,2003,TUV,1.927,0.006,9715.0,0.011,train
Tuvalu,2004,TUV,1.903,0.006,9839.0,0.011,train
Tuvalu,2005,TUV,1.88,0.006,9964.0,0.011,train
Tuvalu,2006,TUV,1.859,0.006,10078.0,0.011,train
Tuvalu,2007,TUV,1.841,0.007,10204.0,0.011,train
Tuvalu,2008,TUV,1.469,0.007,10344.0,0.007,train
Tuvalu,2009,TUV,1.806,0.007,10479.0,0.011,train
Tuvalu,2010,TUV,1.778,0.007,10635.0,0.011,train
Tuvalu,2011,TUV,1.753,0.007,10804.0,0.011,train
Tuvalu,2012,TUV,1.733,0.007,10960.0,0.011,train
Tuvalu,2013,TUV,1.392,0.007,11028.0,0.007,train
Tuvalu,2014,TUV,1.399,0.007,11007.0,0.007,train
Tuvalu,2015,TUV,1.405,0.007,10985.0,0.007,train
Tuvalu,2016,TUV,1.412,0.007,10951.0,0.007,train
Tuvalu,2017,TUV,1.421,0.007,10892.0,0.007,train
Tuvalu,2018,TUV,1.782,0.007,10775.0,0.011,train
Tuvalu,2019,TUV,1.818,0.007,10603.0,0.011,train
Tuvalu,2020,TUV,1.851,0.007,10423.0,0.011,train
Tuvalu,2021,TUV,1.89,0.007,10214.0,0.011,train
Tuvalu,2022,TUV,1.932,0.007,10012.0,0.011,train
Tuvalu,2023,TUV,1.965,0.007,9837.0,0.011,train
Tuvalu,2024,TUV,2.053,0.007,9669.0,0.011,train
Uganda,2000,UGA,1.6,14.323,24000158.0,1.361,validation
Uganda,2001,UGA,1.617,14.557,24745678.0,1.417,validation
Uganda,2002,UGA,1.606,15.12,25532872.0,1.443,validation
Uganda,2003,UGA,1.57,16.22,26352124.0,1.513,validation
Uganda,2004,UGA,1.367,16.416,27154513.0,1.607,validation
Uganda,2005,UGA,1.392,17.457,27963287.0,2.018,validation
Uganda,2006,UGA,1.411,16.796,28794005.0,2.387,validation
Uganda,2007,UGA,1.545,18.214,29653437.0,2.706,validation
Uganda,2008,UGA,1.699,22.611,30539547.0,2.78,validation
Uganda,2009,UGA,1.722,22.977,31451147.0,2.996,validation
Uganda,2010,UGA,1.743,24.204,32390801.0,3.57,validation
Uganda,2011,UGA,1.649,24.579,33354541.0,3.828,validation
Uganda,2012,UGA,1.587,25.873,34337436.0,3.627,validation
Uganda,2013,UGA,1.525,26.415,35337050.0,3.755,validation
Uganda,2014,UGA,1.453,27.318,36395542.0,4.09,validation
Uganda,2015,UGA,1.457,28.434,37531444.0,4.529,validation
Uganda,2016,UGA,1.453,29.74,38799153.0,4.817,validation
Uganda,2017,UGA,1.423,29.934,40177384.0,5.406,validation
Uganda,2018,UGA,1.389,30.869,41565839.0,5.549,validation
Uganda,2019,UGA,1.401,32.167,42999636.0,5.761,validation
Uganda,2020,UGA,1.37,33.424,44457148.0,5.571,validation
Uganda,2021,UGA,1.372,35.128,45910931.0,6.232,validation
Uganda,2022,UGA,1.33,35.428,47312718.0,6.128,validation
Uganda,2023,UGA,1.282,35.657,48656606.0,6.236,validation
Uganda,2024,UGA,1.278,37.056,50015091.0,6.334,validation
Ukraine,2000,UKR,7.944,79.51,49556654.0,285.663,train
Ukraine,2001,UKR,8.303,78.868,49106854.0,303.876,train
Ukraine,2002,UKR,8.247,80.758,48677280.0,295.901,train
Ukraine,2003,UKR,8.552,81.218,48315133.0,307.245,train
Ukraine,2004,UKR,8.595,79.345,47979502.0,310.626,train
Ukraine,2005,UKR,8.783,80.238,47585558.0,313.513,train
Ukraine,2006,UKR,9.201,78.567,47278691.0,333.054,train
Ukraine,2007,UKR,9.455,80.265,47062802.0,336.829,train
Ukraine,2008,UKR,9.268,79.63,46819168.0,325.983,train
Ukraine,2009,UKR,8.252,75.628,46623731.0,277.593,train
Ukraine,2010,UKR,8.558,73.169,46455997.0,294.366,train
Ukraine,2011,UKR,9.034,77.838,46307854.0,308.376,train
Ukraine,2012,UKR,9.176,77.545,46210051.0,304.43,train
Ukraine,2013,UKR,8.975,79.455,46126760.0,297.54,train
Ukraine,2014,UKR,7.96,73.781,45972379.0,257.703,train
Ukraine,2015,UKR,7.069,63.406,45784904.0,223.85,train
Ukraine,2016,UKR,7.358,66.397,45616831.0,234.106,train
Ukraine,2017,UKR,7.066,61.068,45436037.0,223.288,train
Ukraine,2018,UKR,7.299,62.329,45208903.0,231.9,train
Ukraine,2019,UKR,7.122,63.107,44957451.0,222.188,train
Ukraine,2020,UKR,6.839,64.368,44680008.0,207.101,train
Ukraine,2021,UKR,6.934,62.012,44298642.0,210.636,train
Ukraine,2022,UKR,5.502,54.067,41048768.0,143.04,train
Ukraine,2023,UKR,5.936,54.79,37732833.0,139.325,train
Ukraine,2024,UKR,5.887,52.38,37860221.0,142.498,train
United Arab Emirates,2000,ARE,39.556,24.713,3493583.0,112.277,validation
United Arab Emirates,2001,ARE,34.033,23.581,3723596.0,101.896,validation
United Arab Emirates,2002,ARE,27.447,22.067,3956829.0,85.213,validation
United Arab Emirates,2003,ARE,31.58,23.918,4192465.0,107.106,validation
United Arab Emirates,2004,ARE,30.997,23.417,4428964.0,112.469,validation
United Arab Emirates,2005,ARE,30.249,24.376,4664797.0,115.273,validation
United Arab Emirates,2006,ARE,29.984,25.954,5009106.0,122.723,validation
United Arab Emirates,2007,ARE,28.777,26.066,5624640.0,134.103,validation
United Arab Emirates,2008,ARE,29.039,26.286,6302669.0,155.03,validation
United Arab Emirates,2009,ARE,29.354,25.917,6707063.0,169.088,validation
United Arab Emirates,2010,ARE,31.011,27.314,6938372.0,185.848,validation
United Arab Emirates,2011,ARE,31.954,29.521,7199436.0,198.518,validation
United Arab Emirates,2012,ARE,32.188,30.934,7497122.0,208.324,validation
United Arab Emirates,2013,ARE,31.764,32.36,7831851.0,214.188,validation
United Arab Emirates,2014,ARE,30.199,32.003,8236880.0,214.53,validation
United Arab Emirates,2015,ARE,30.161,34.428,8674633.0,225.045,validation
United Arab Emirates,2016,ARE,29.41,35.451,9030873.0,227.898,validation
United Arab Emirates,2017,ARE,25.223,34.179,9234330.0,196.493,validation
United Arab Emirates,2018,ARE,25.736,34.302,9346870.0,204.105,validation
United Arab Emirates,2019,ARE,25.751,35.241,9377855.0,204.058,validation
United Arab Emirates,2020,ARE,26.587,33.741,9448529.0,215.266,validation
United Arab Emirates,2021,ARE,25.374,33.916,9789055.0,212.173,validation
United Arab Emirates,2022,ARE,24.108,37.375,10242085.0,207.103,validation
United Arab Emirates,2023,ARE,23.48,36.968,10642089.0,210.425,validation
United Arab Emirates,2024,ARE,23.771,37.574,11027135.0,221.988,validation
United Kingdom,2000,GBR,12.03,100.304,59057333.0,569.034,test
United Kingdom,2001,GBR,12.063,97.011,59288095.0,577.971,test
United Kingdom,2002,GBR,11.648,92.26,59540764.0,560.273,test
United Kingdom,2003,GBR,11.733,87.62,59820385.0,571.619,test
United Kingdom,2004,GBR,11.666,83.165,60169964.0,573.43,test
United Kingdom,2005,GBR,11.798,76.798,60596107.0,570.338,test
United Kingdom,2006,GBR,11.397,71.09,61051093.0,567.846,test
United Kingdom,2007,GBR,11.01,66.371,61535859.0,559.566,test
United Kingdom,2008,GBR,10.524,61.309,62027303.0,544.932,test
United Kingdom,2009,GBR,9.521,58.192,62506222.0,494.108,test
United Kingdom,2010,GBR,9.662,53.283,63006482.0,511.905,test
United Kingdom,2011,GBR,8.905,51.071,63509285.0,469.713,test
United Kingdom,2012,GBR,9.145,49.958,63960488.0,487.477,test
United Kingdom,2013,GBR,8.879,47.803,64389386.0,477.611,test
United Kingdom,2014,GBR,8.184,46.74,64865914.0,438.807,test
United Kingdom,2015,GBR,7.934,46.304,65382107.0,422.461,test
United Kingdom,2016,GBR,7.499,45.942,65893359.0,399.43,test
United Kingdom,2017,GBR,7.202,46.574,66354473.0,387.367,test
United Kingdom,2018,GBR,7.12,46.395,66752473.0,379.73,test
United Kingdom,2019,GBR,6.765,45.686,67110958.0,364.753,test
United Kingdom,2020,GBR,6.114,44.528,67351860.0,326.263,test
United Kingdom,2021,GBR,6.292,44.922,67668788.0,342.366,test
United Kingdom,2022,GBR,5.751,44.674,68179315.0,311.118,test
United Kingdom,2023,GBR,5.629,44.023,68682965.0,307.826,test
United Kingdom,2024,GBR,5.645,43.812,69138185.0,312.906,test
United States,2000,USA,25.64,799.68,281484126.0,6023.158,train
United States,2001,USA,24.54,776.109,284279634.0,5903.562,train
United States,2002,USA,24.589,757.572,287084335.0,5947.819,train
United States,2003,USA,24.992,764.525,289908091.0,6006.44,train
United States,2004,USA,24.983,765.332,292786248.0,6111.545,train
United States,2005,USA,25.121,772.655,295716666.0,6126.903,train
United States,2006,USA,23.65,785.023,298730208.0,6045.326,train
United States,2007,USA,23.792,793.939,301844223.0,6121.542,train
United States,2008,USA,23.197,810.64,304970325.0,5919.221,train
United States,2009,USA,21.355,772.483,308023452.0,5486.104,train
United States,2010,USA,21.936,756.187,311062785.0,5669.25,train
United States,2011,USA,20.769,764.383,314105075.0,5538.973,train
United States,2012,USA,20.146,749.641,317115349.0,5331.467,train
United States,2013,USA,20.27,748.067,320110752.0,5473.436,train
United States,2014,USA,20.459,763.215,323115377.0,5531.385,train
United States,2015,USA,19.65,754.889,326126496.0,5368.497,train
United States,2016,USA,19.165,733.371,329179423.0,5245.362,train
United States,2017,USA,19.022,749.256,332204657.0,5195.417,train
United States,2018,USA,19.3,777.6,335056492.0,5361.236,train
United States,2019,USA,18.831,799.062,337790069.0,5235.912,train
United States,2020,USA,16.965,761.174,339436156.0,4689.954,train
United States,2021,USA,18.024,789.44,340161438.0,5020.111,train
United States,2022,USA,18.158,801.907,341534041.0,5055.403,train
United States,2023,USA,17.697,819.061,343477330.0,4918.407,train
United States,2024,USA,17.527,818.348,345426566.0,4904.12,train
Uruguay,2000,URY,9.771,20.475,3266212.0,5.277,validation
Uruguay,2001,URY,9.621,20.459,3274257.0,5.041,validation
Uruguay,2002,URY,9.985,21.268,3278868.0,4.569,validation
Uruguay,2003,URY,9.994,21.816,3281188.0,4.537,validation
Uruguay,2004,URY,10.207,22.446,3283157.0,5.574,validation
Uruguay,2005,URY,10.641,22.618,3285776.0,5.737,validation
Uruguay,2006,URY,12.088,23.419,3289508.0,6.611,validation
Uruguay,2007,URY,15.399,23.022,3295155.0,5.96,validation
Uruguay,2008,URY,18.573,24.807,3302184.0,8.218,validation
Uruguay,2009,URY,15.813,24.502,3310093.0,7.99,validation
Uruguay,2010,URY,17.377,23.433,3318581.0,6.322,validation
Uruguay,2011,URY,15.002,23.638,3326829.0,7.686,validation
Uruguay,2012,URY,16.057,23.118,3335406.0,8.605,validation
Uruguay,2013,URY,15.855,23.371,3345335.0,7.491,validation
Uruguay,2014,URY,15.659,24.715,3356343.0,6.684,validation
Uruguay,2015,URY,13.544,25.453,3368022.0,6.738,validation
Uruguay,2016,URY,13.08,25.853,3379279.0,6.52,validation
Uruguay,2017,URY,12.844,25.538,3388444.0,6.151,validation
Uruguay,2018,URY,12.41,24.93,3394538.0,6.57,validation
Uruguay,2019,URY,12.286,24.844,3397206.0,6.408,validation
Uruguay,2020,URY,11.342,24.663,3398966.0,6.477,validation
Uruguay,2021,URY,12.376,25.736,3396693.0,7.829,validation
Uruguay,2022,URY,11.856,25.163,3390913.0,7.501,validation
Uruguay,2023,URY,11.775,24.532,3388083.0,7.627,validation
Uruguay,2024,URY,12.713,24.95,3386583.0,7.973,validation
Uzbekistan,2000,UZB,6.647,29.197,24787052.0,123.478,train
Uzbekistan,2001,UZB,6.846,33.779,25090289.0,126.223,train
Uzbekistan,2002,UZB,7.238,40.078,25399987.0,132.577,train
Uzbekistan,2003,UZB,6.89,36.349,25711261.0,130.296,train
Uzbekistan,2004,UZB,6.672,34.501,26029350.0,129.099,train
Uzbekistan,2005,UZB,6.564,41.614,26356977.0,121.602,train
Uzbekistan,2006,UZB,6.683,43.966,26699046.0,124.899,train
Uzbekistan,2007,UZB,6.409,40.163,27076013.0,123.823,train
Uzbekistan,2008,UZB,6.654,44.904,27494780.0,128.387,train
Uzbekistan,2009,UZB,5.649,38.8,27939333.0,109.23,train
Uzbekistan,2010,UZB,5.636,42.209,28385509.0,107.668,train
Uzbekistan,2011,UZB,5.948,44.285,28823194.0,116.755,train
Uzbekistan,2012,UZB,6.04,47.621,29261908.0,118.86,train
Uzbekistan,2013,UZB,5.774,47.429,29724065.0,112.395,train
Uzbekistan,2014,UZB,5.533,46.589,30222994.0,107.496,train
Uzbekistan,2015,UZB,5.306,46.759,30749349.0,103.374,train
Uzbekistan,2016,UZB,5.49,48.199,31284565.0,109.837,train
Uzbekistan,2017,UZB,5.418,49.64,31819172.0,108.883,train
Uzbekistan,2018,UZB,5.188,51.675,32373489.0,102.33,train
Uzbekistan,2019,UZB,5.335,52.689,32964700.0,107.947,train
Uzbekistan,2020,UZB,5.206,51.333,33586373.0,108.139,train
Uzbekistan,2021,UZB,5.617,52.65,34243696.0,123.162,train
Uzbekistan,2022,UZB,5.377,52.963,34938953.0,119.105,train
Uzbekistan,2023,UZB,5.353,52.212,35652311.0,122.872,train
Uzbekistan,2024,UZB,5.725,52.573,36361859.0,139.234,train
Vanuatu,2000,VUT,12.119,0.347,186290.0,0.084,train
Vanuatu,2001,VUT,9.59,0.331,191047.0,0.081,train
Vanuatu,2002,VUT,8.98,0.332,195871.0,0.077,train
Vanuatu,2003,VUT,24.364,0.346,200760.0,0.077,train
Vanuatu,2004,VUT,17.688,0.353,205720.0,0.073,train
Vanuatu,2005,VUT,13.105,0.362,210772.0,0.073,train
Vanuatu,2006,VUT,10.266,0.37,215939.0,0.073,train
Vanuatu,2007,VUT,6.869,0.427,221291.0,0.077,train
Vanuatu,2008,VUT,5.846,0.434,226908.0,0.088,train
Vanuatu,2009,VUT,5.227,0.41,232740.0,0.121,train
Vanuatu,2010,VUT,3.981,0.421,238256.0,0.125,train
Vanuatu,2011,VUT,2.916,0.432,243483.0,0.132,train
Vanuatu,2012,VUT,2.676,0.438,248894.0,0.117,train
Vanuatu,2013,VUT,2.242,0.443,254495.0,0.11,train
Vanuatu,2014,VUT,1.782,0.449,260247.0,0.158,train
Vanuatu,2015,VUT,1.155,0.41,266115.0,0.132,train
Vanuatu,2016,VUT,0.571,0.344,272097.0,0.15,train
Vanuatu,2017,VUT,3.276,0.317,278518.0,0.139,train
Vanuatu,2018,VUT,1.882,0.321,285273.0,0.176,train
Vanuatu,2019,VUT,0.943,0.322,291995.0,0.165,train
Vanuatu,2020,VUT,0.809,0.324,298867.0,0.205,train
Vanuatu,2021,VUT,0.743,0.327,305882.0,0.216,train
Vanuatu,2022,VUT,1.127,0.328,313061.0,0.189,train
Vanuatu,2023,VUT,1.341,0.33,320422.0,0.188,train
Vanuatu,2024,VUT,1.461,0.332,327786.0,0.197,train
Venezuela,2000,VEN,10.752,71.93,24526707.0,142.902,train
Venezuela,2001,VEN,9.887,72.392,24979934.0,130.618,train
Venezuela,2002,VEN,10.714,67.796,25435674.0,164.233,train
Venezuela,2003,VEN,10.449,67.735,25892710.0,154.364,train
Venezuela,2004,VEN,9.761,70.761,26340843.0,142.842,train
Venezuela,2005,VEN,9.763,72.579,26785797.0,148.408,train
Venezuela,2006,VEN,9.945,72.258,27224691.0,155.841,train
Venezuela,2007,VEN,10.035,73.621,27649369.0,154.167,train
Venezuela,2008,VEN,9.935,76.341,28053694.0,155.758,train
Venezuela,2009,VEN,9.415,73.232,28438296.0,152.176,train
Venezuela,2010,VEN,10.331,68.193,28813101.0,189.582,train
Venezuela,2011,VEN,9.618,68.584,29185220.0,168.713,train
Venezuela,2012,VEN,10.097,72.498,29553829.0,175.845,train
Venezuela,2013,VEN,10.605,72.697,29912195.0,198.452,train
Venezuela,2014,VEN,9.604,71.818,30254080.0,175.992,train
Venezuela,2015,VEN,9.076,69.732,30573968.0,166.328,train
Venezuela,2016,VEN,8.345,66.225,30765719.0,152.733,train
Venezuela,2017,VEN,7.772,62.051,30565331.0,139.093,train
Venezuela,2018,VEN,6.732,56.672,29807591.0,111.24,train
Venezuela,2019,VEN,6.537,51.723,28938096.0,105.43,train
Venezuela,2020,VEN,5.649,48.158,28444080.0,80.901,train
Venezuela,2021,VEN,6.049,46.438,28237830.0,94.902,train
Venezuela,2022,VEN,6.626,48.3,28213015.0,108.424,train
Venezuela,2023,VEN,7.038,49.627,28300861.0,119.588,train
Venezuela,2024,VEN,6.789,47.634,28405544.0,116.042,train
Vietnam,2000,VNM,4.663,74.138,77154016.0,53.935,train
Vietnam,2001,VNM,3.707,74.062,77969357.0,60.983,train
Vietnam,2002,VNM,3.509,75.064,78772227.0,69.531,train
Vietnam,2003,VNM,3.76,77.335,79563778.0,77.261,train
Vietnam,2004,VNM,4.039,83.34,80338977.0,88.939,train
Vietnam,2005,VNM,3.721,87.113,81088309.0,95.842,train
Vietnam,2006,VNM,3.524,89.878,82167901.0,99.656,train
Vietnam,2007,VNM,3.737,92.079,83633374.0,101.433,train
Vietnam,2008,VNM,3.741,91.099,85175789.0,114.3,train
Vietnam,2009,VNM,4.495,94.019,86460023.0,124.493,train
Vietnam,2010,VNM,4.122,94.408,87455148.0,139.564,train
Vietnam,2011,VNM,4.107,95.667,88468315.0,152.564,train
Vietnam,2012,VNM,3.95,94.762,89510355.0,144.288,train
Vietnam,2013,VNM,4.09,95.205,90573103.0,151.459,train
Vietnam,2014,VNM,6.328,95.628,91679582.0,180.048,train
Vietnam,2015,VNM,5.608,92.971,92823254.0,213.391,train
Vietnam,2016,VNM,5.138,91.86,94000115.0,221.027,train
Vietnam,2017,VNM,4.888,91.562,95176978.0,227.694,train
Vietnam,2018,VNM,5.371,93.491,96237319.0,255.468,train
Vietnam,2019,VNM,5.862,93.762,97173778.0,339.312,train
Vietnam,2020,VNM,5.913,91.83,98079196.0,362.599,train
Vietnam,2021,VNM,5.345,94.744,98935101.0,314.197,train
Vietnam,2022,VNM,5.409,94.227,99680656.0,322.653,train
Vietnam,2023,VNM,5.622,94.51,100352189.0,347.399,train
Vietnam,2024,VNM,5.778,94.982,100987685.0,370.931,train
Yemen,2000,YEM,1.664,13.436,19624139.0,15.832,test
Yemen,2001,YEM,1.72,13.038,20226146.0,17.194,test
Yemen,2002,YEM,1.595,13.062,20835092.0,16.707,test
Yemen,2003,YEM,1.802,15.07,21456379.0,18.609,test
Yemen,2004,YEM,1.822,14.815,22095161.0,20.109,test
Yemen,2005,YEM,1.97,17.133,22790082.0,21.797,test
Yemen,2006,YEM,2.122,20.521,23543090.0,23.906,test
Yemen,2007,YEM,2.015,21.164,24318090.0,23.676,test
Yemen,2008,YEM,1.91,19.381,25111941.0,24.537,test
Yemen,2009,YEM,2.033,20.254,25927723.0,26.897,test
Yemen,2010,YEM,1.923,21.031,26754383.0,25.818,test
Yemen,2011,YEM,1.681,18.75,27582902.0,22.625,test
Yemen,2012,YEM,1.479,16.81,28433655.0,20.467,test
Yemen,2013,YEM,1.708,18.21,29312955.0,27.281,test
Yemen,2014,YEM,1.597,17.152,30226311.0,26.592,test
Yemen,2015,YEM,0.933,11.111,31159378.0,14.123,test
Yemen,2016,YEM,0.777,10.175,32109023.0,10.044,test
Yemen,2017,YEM,0.771,11.696,33090923.0,9.214,test
Yemen,2018,YEM,0.831,12.603,34085181.0,11.504,test
Yemen,2019,YEM,0.844,13.313,35111416.0,11.788,test
Yemen,2020,YEM,0.785,13.072,36134867.0,10.757,test
Yemen,2021,YEM,0.763,13.044,37140234.0,10.608,test
Yemen,2022,YEM,0.73,12.7,38222878.0,10.404,test
Yemen,2023,YEM,0.676,11.572,39390800.0,10.141,test
Yemen,2024,YEM,0.657,11.584,40583173.0,10.123,test
Zambia,2000,ZMB,5.81,13.404,10017633.0,1.784,train
Zambia,2001,ZMB,6.396,13.676,10325186.0,1.886,train
Zambia,2002,ZMB,7.906,14.867,10647955.0,1.961,train
Zambia,2003,ZMB,7.413,15.862,10983604.0,2.074,train
Zambia,2004,ZMB,6.982,15.772,11338201.0,2.104,train
Zambia,2005,ZMB,7.936,16.547,11718819.0,2.243,train
Zambia,2006,ZMB,7.058,15.605,12129560.0,2.231,train
Zambia,2007,ZMB,7.649,15.986,12565093.0,2.298,train
Zambia,2008,ZMB,9.349,16.111,13021327.0,2.553,train
Zambia,2009,ZMB,8.152,15.594,13490395.0,2.94,train
Zambia,2010,ZMB,8.365,16.713,13965592.0,3.121,train
Zambia,2011,ZMB,8.29,16.08,14437796.0,3.379,train
Zambia,2012,ZMB,7.396,17.892,14913631.0,4.177,train
Zambia,2013,ZMB,6.678,18.286,15399000.0,4.427,train
Zambia,2014,ZMB,6.246,18.084,15895320.0,5.283,train
Zambia,2015,ZMB,5.977,18.317,16399092.0,5.522,train
Zambia,2016,ZMB,6.053,18.186,16914428.0,5.978,train
Zambia,2017,ZMB,5.954,17.535,17441328.0,7.459,train
Zambia,2018,ZMB,5.578,17.893,17973574.0,8.658,train
Zambia,2019,ZMB,5.288,18.628,18513839.0,8.846,train
Zambia,2020,ZMB,5.041,18.214,19059394.0,9.991,train
Zambia,2021,ZMB,4.816,18.617,19603610.0,9.35,train
Zambia,2022,ZMB,4.886,20.421,20152935.0,10.939,train
Zambia,2023,ZMB,4.768,20.6,20723967.0,11.831,train
Zambia,2024,ZMB,4.646,21.143,21314962.0,12.043,train
Zimbabwe,2000,ZWE,4.848,11.87,11892055.0,13.815,train
Zimbabwe,2001,ZWE,4.685,12.424,11971904.0,12.509,train
Zimbabwe,2002,ZWE,4.074,11.27,12087661.0,11.896,train
Zimbabwe,2003,ZWE,4.438,10.913,12232324.0,10.61,train
Zimbabwe,2004,ZWE,4.372,11.147,12365901.0,9.429,train
Zimbabwe,2005,ZWE,4.59,11.178,12483433.0,10.698,train
Zimbabwe,2006,ZWE,3.874,10.883,12636442.0,10.365,train
Zimbabwe,2007,ZWE,4.35,11.161,12804062.0,9.835,train
Zimbabwe,2008,ZWE,3.226,11.145,12959154.0,7.72,train
Zimbabwe,2009,ZWE,2.997,11.703,13142791.0,8.25,train
Zimbabwe,2010,ZWE,3.578,12.248,13356551.0,8.754,train
Zimbabwe,2011,ZWE,3.182,12.613,13595421.0,10.363,train
Zimbabwe,2012,ZWE,2.52,12.352,13817887.0,11.257,train
Zimbabwe,2013,ZWE,1.974,12.111,14013811.0,11.671,train
Zimbabwe,2014,ZWE,1.791,11.428,14207367.0,11.946,train
Zimbabwe,2015,ZWE,2.181,12.126,14399008.0,12.017,train
Zimbabwe,2016,ZWE,1.784,11.143,14600297.0,10.588,train
Zimbabwe,2017,ZWE,2.086,11.549,14812484.0,9.831,train
Zimbabwe,2018,ZWE,1.813,11.831,15034457.0,11.209,train
Zimbabwe,2019,ZWE,2.008,11.636,15271377.0,10.267,train
Zimbabwe,2020,ZWE,1.555,11.314,15526887.0,8.491,train
Zimbabwe,2021,ZWE,1.767,11.84,15797220.0,10.223,train
Zimbabwe,2022,ZWE,1.862,12.643,16069061.0,12.232,train
Zimbabwe,2023,ZWE,1.899,12.999,16340829.0,13.443,train
Zimbabwe,2024,ZWE,1.868,13.303,16634366.0,13.701,train
